category,avg_rating,n_loved,n_reviews,n_sold,name,price,rate_1,rate_2,rate_3,rate_4,rate_5,rate_with_cmt,rate_with_imgvid,shop_age,shop_follower,shop_n_product,shop_n_review,shop_name,shop_rate_feedback,shop_time_feedback
Äiá»‡n thoáº¡i bÃ n,5.0,ÄÃ£ thÃ­ch (13),5.0,22,Äiá»‡n Thoáº¡i BÃ n KhÃ´ng DÃ¢y Láº¯p Sim GPhone HomePhone Viettel Vina Mobifone ChÃ­nh HÃ£ng Huawei,â‚«378.000 - â‚«599.000,,,,,,,,,,,,,,
Äiá»‡n thoáº¡i bÃ n,,,,0,"ThÆ°á»›c Ä‘o gÃ³c Ä‘iá»‡n tá»­ mÃ n hÃ¬nh LCD
",â‚«176.000 - â‚«181.000,,,,,,,,32 thÃ¡ng trÆ°á»›c,124,"4,1k",449,kokiya1.vn,100%,trong vÃ i giá»
Äiá»‡n thoáº¡i bÃ n,,,,0,"GiÃ¡ Ä‘á»¡ chuyá»ƒn Ä‘á»•i R094 Ä‘a nÄƒng cho mÃ¡y áº£nh DSLR
",â‚«448.000,,,,,,,,17 thÃ¡ng trÆ°á»›c,204,"3,7k",318,lzdjlmy1.vn,100%,trong vÃ i giá»
Äiá»‡n thoáº¡i bÃ n,,,,0,âœ© Äáº§u Káº¿t Ná»‘i Bnc Äáº§u Äá»±c Sang Äáº§u CÃ¡i SMA âŠ,â‚«150.000,,,,,,,,8 thÃ¡ng trÆ°á»›c,3,397,0,humait_market.vn,57%,trong vÃ i giá»
Äiá»‡n thoáº¡i bÃ n,,,,0,"Thiáº¿t bá»‹ bÃ¡o Ä‘á»™ng ná»“ng Ä‘á»™ CO Ä‘á»™ nháº¡y cao cho nhÃ  á»Ÿ
",â‚«281.000,,,,,,,,32 thÃ¡ng trÆ°á»›c,349,"4,2k",507,kokiya2.vn,98%,trong vÃ i giá»
Äiá»‡n thoáº¡i bÃ n,,,,0,"ThÆ°á»›c Ä‘o ká»¹ thuáº­t sá»‘ mini cho mÃ¡y khoan gá»—
",â‚«171.000 - â‚«176.000,,,,,,,,14 thÃ¡ng trÆ°á»›c,181,"3,8k",241,dadada1.vn,100%,trong vÃ i giá»
Äiá»‡n thoáº¡i bÃ n,,,,0,"MÃ¡y dÃ² Ä‘iá»‡n tá»« K2 EMF chuyÃªn dá»¥ng
",â‚«433.000,,,,,,,,33 thÃ¡ng trÆ°á»›c,"1,4k","4,7k","2,3k",blesiya1.vn,100%,trong vÃ i giá»
Äiá»‡n thoáº¡i bÃ n,,,,0,"Äá»“ng há»“ Ä‘o cÃ´ng suáº¥t Ä‘iá»‡n Ä‘a nÄƒng Ä‘á»™ chÃ­nh xÃ¡c cao
",â‚«173.000 - â‚«199.000,,,,,,,,17 thÃ¡ng trÆ°á»›c,463,"4,2k",392,lzdxwcke2.vn,100%,trong vÃ i giá»
Äiá»‡n thoáº¡i bÃ n,,,,0,"MÃ¡y Ä‘o nhiá»‡t Ä‘á»™ phÃ²ng khÃ¡ch chuyÃªn nghiá»‡p dá»… láº¯p Ä‘áº·t
",â‚«240.000,,,,,,,,32 thÃ¡ng trÆ°á»›c,1k,"4,5k","1,6k",kokiya.vn,100%,trong vÃ i giá»
Äiá»‡n thoáº¡i bÃ n,,,,0,"ThÆ°á»›c Ä‘o ká»¹ thuáº­t sá»‘ mini cho mÃ¡y khoan gá»—
",â‚«173.000 - â‚«178.000,,,,,,,,32 thÃ¡ng trÆ°á»›c,"2,5k","4,3k",2k,dynwave2.vn,100%,trong vÃ i giá»
Äiá»‡n thoáº¡i bÃ n,,,,0,"Thiáº¿t bá»‹ Ä‘o cÃ´ng suáº¥t Ä‘iá»‡n á»• cáº¯m EU
",â‚«183.000,,,,,,,,21 thÃ¡ng trÆ°á»›c,36,"4,9k",112,figatia1.vn,100%,trong vÃ i giá»
Äiá»‡n thoáº¡i bÃ n,,ÄÃ£ thÃ­ch (2),,0,"BÃºt cáº¯m bÃ n thÃ´ng minh 2 mÃ u xanh, Ä‘en",â‚«18.000,,,,,,,,4 nÄƒm trÆ°á»›c,775,73,358,vanphongphamkhanhhoa,98%,trong vÃ i phÃºt
Äiá»‡n thoáº¡i bÃ n,,ÄÃ£ thÃ­ch (1),,0,Ká»‡ Ä‘áº¿ Ä‘á»©ng mÃ¡y Nintendo Switch,â‚«120.000,,,,,,,,24 thÃ¡ng trÆ°á»›c,9,62,38,bocuacuong,45%,trong vÃ i giá»
Äiá»‡n thoáº¡i bÃ n,,,,0,Äiá»‡n thoáº¡i VoIP Yealink SIP-T30,â‚«1.100.000,,,,,,,,31 thÃ¡ng trÆ°á»›c,7,41,1,zanitel,75%,trong vÃ i giá»
Äiá»‡n thoáº¡i bÃ n,,,,,,,,,,,,,,,,,,,,
Äiá»‡n thoáº¡i bÃ n,,,,,,,,,,,,,,,,,,,,
Äiá»‡n thoáº¡i bÃ n,,,,,,,,,,,,,,,,,,,,
Äiá»‡n thoáº¡i bÃ n,,,,,,,,,,,,,,,,,,,,
Äiá»‡n thoáº¡i bÃ n,,,,,,,,,,,,,,,,,,,,
Äiá»‡n thoáº¡i bÃ n,,ÄÃ£ thÃ­ch (1),,1,MIáº¾NG Náº Y TÃCH Má» THÃO MÃY ÄIá»†N THOáº I QIANLI,â‚«15.000,,,,,,,,4 nÄƒm trÆ°á»›c,93,166,103,phukiendienthoai18,67%,trong vÃ i phÃºt
Äiá»‡n thoáº¡i bÃ n,,"ÄÃ£ thÃ­ch (4,1k)",,1,Äiá»‡n thoáº¡i bÃ n khÃ´ng dÃ¢y Panasonic KX-TGD312,â‚«1.970.000,,,,,,,,26 thÃ¡ng trÆ°á»›c,"2,8k",21,0,xuanthao.bn,9%,trong vÃ i giá»
Äiá»‡n thoáº¡i bÃ n,4.3,ÄÃ£ thÃ­ch (37),4.3,3,Äiá»‡n thoáº¡i GOOGLE PIXEL 4 XL 128gb Zin Ã¡p,â‚«7.950.000,1 Sao (0),2 Sao (0),3 Sao (1),4 Sao (0),5 Sao (2),CÃ³ BÃ¬nh luáº­n (1),CÃ³ hÃ¬nh áº£nh / video (1),4 nÄƒm trÆ°á»›c,"2,9k",197,403,thanhdatmobile2017,90%,trong vÃ i giá»
Äiá»‡n thoáº¡i bÃ n,,ÄÃ£ thÃ­ch (1),,1,Äiá»‡n thoáº¡i Ä‘á»ƒ bÃ n hiá»ƒn thá»‹ sá»‘ Panasonic KX-TSC546CID,â‚«480.000,,,,,,,,4 nÄƒm trÆ°á»›c,117,362,39,tuglance,7%,trong vÃ i giá»
Äiá»‡n thoáº¡i bÃ n,,ÄÃ£ thÃ­ch (1),,1,"Äiá»‡n thoáº¡i NgÆ°á»i GiÃ  Vtel H11, 2 Sim, Gá»i SOS kháº©n, Sá»‘ To, Chá»¯ To, Loa to, FM loa ngoÃ i, Pin lá»›n - Báº£o hÃ nh 12 thÃ¡ng, Äá»",â‚«299.000,,,,,,,,9 thÃ¡ng trÆ°á»›c,0,28,1,shopthegioicongnghe4.0,57%,trong vÃ i giá»
Äiá»‡n thoáº¡i bÃ n,,ÄÃ£ thÃ­ch (1),,1,ká»‡ Ä‘iá»‡n thoáº¡i nhá»±a,â‚«12.000,1 Sao (0),2 Sao (0),3 Sao (0),4 Sao (0),5 Sao (1),CÃ³ BÃ¬nh luáº­n (0),CÃ³ hÃ¬nh áº£nh / video (0),4 nÄƒm trÆ°á»›c,238,114,369,phamthibich268,92%,trong vÃ i giá»
Äiá»‡n thoáº¡i bÃ n,,,,1,ROBOT LAU NHÃ€ CLEANEL THáº¾ Há»† Má»šI,â‚«590.000,,,,,,,,5 nÄƒm trÆ°á»›c,542,135,519,thuyhuong.phanngoc,12%,trong vÃ i giá»
Äiá»‡n thoáº¡i bÃ n,,,,1,Robot hÃºt bá»¥i lau nhÃ  Xiaomi Vacuum Mop Essential (Mijia G1) New 2021 Cam káº¿t chÃ­nh hÃ£ng,â‚«4.450.000,,,,,,,,3 nÄƒm trÆ°á»›c,"5,5k",229,45,ecotech_vietnam,52%,trong vÃ i giá»
Äiá»‡n thoáº¡i bÃ n,,ÄÃ£ thÃ­ch (12),,1,{Daiso HÃ n - CÃ³ sáºµn} Juicy series: DÃ¢y sáº¡c Ä‘iá»‡n thoáº¡i (cÃ³ thá»ƒ thu gá»n),â‚«120.000,,,,,,,,4 nÄƒm trÆ°á»›c,"13,5k",628,"4,2k",peo_seoul_u,62%,trong vÃ i giá»
Äiá»‡n thoáº¡i bÃ n,,ÄÃ£ thÃ­ch (4),,1,Bá»™ dá»¥ng cá»¥ Ä‘á»“ nghá» Ä‘iá»‡n thoáº¡i sá»­a chá»¯a vÃ  thÃ¡o láº¯p cho táº¥t cáº£ Ä‘iá»‡n thoáº¡i,â‚«179.000,,,,,,,,3 nÄƒm trÆ°á»›c,120,"1,1k",805,chaudiemmy123456,50%,trong vÃ i giá»
Äiá»‡n thoáº¡i bÃ n,,,,1,Äiá»‡n Thoáº¡i Ká»¹ Thuáº­t SÃ´ KÃ©o DÃ i KhÃ´ng DÃ¢y Panasonic 1102,â‚«800.000,,,,,,,,5 nÄƒm trÆ°á»›c,87,160,110,nguyenthetai118,87%,trong vÃ i giá»
Äiá»‡n thoáº¡i bÃ n,,ÄÃ£ thÃ­ch (267),,1,Äiá»‡n thoáº¡i Sharp Aquos R2 706SH,â‚«3.230.000,,,,,,,,3 nÄƒm trÆ°á»›c,433,57,10,didongnhatban,40%,trong vÃ i giá»
Äiá»‡n thoáº¡i bÃ n,,ÄÃ£ thÃ­ch (7),,0,"â¤ï¸ Pin Ä‘iá»‡n thoáº¡i bÃ n â¤ï¸ Gphone Huawei ETS3023+, F316, F317, ETS3125i",â‚«82.950,,,,,,,,34 thÃ¡ng trÆ°á»›c,6k,169,224,cokakids,52%,trong vÃ i phÃºt
Äiá»‡n thoáº¡i bÃ n,,ÄÃ£ thÃ­ch (1),,0,[order] Quáº¡t tÃ­ch Ä‘iá»‡n cáº§m tay BJYX,â‚«175.295,,,,,,,,24 thÃ¡ng trÆ°á»›c,299,260,27,bjyxszd95_2026,77%,trong vÃ i giá»
Äiá»‡n thoáº¡i bÃ n,,ÄÃ£ thÃ­ch (2),,0,[bÃ¡n sá»‰]Robot hÃºt bá»¥i Bowai thÃ´ng minh - Robot lau nhÃ  tá»± Ä‘á»™ng cÃ´ng nghá»‡ AI 3 trong 1,â‚«288.000,,,,,,,,29 thÃ¡ng trÆ°á»›c,215,333,453,sigiadung0393865036,73%,trong vÃ i giá»
Äiá»‡n thoáº¡i bÃ n,,ÄÃ£ thÃ­ch (245),,0,ETS3023+ â˜ï¸ MÃ¡y Äiá»‡n Thoáº¡i BÃ n â˜ï¸ Láº¯p Sim Gphone STK MÃ£ Huawei ETS3023+,â‚«504.000,,,,,,,,4 nÄƒm trÆ°á»›c,"1,4k",141,562,bon_bon_store,9%,trong vÃ i giá»
Äiá»‡n thoáº¡i bÃ n,,"ÄÃ£ thÃ­ch (2,4k)",,0,MÃY IN ÄA CHá»¨C NÄ‚NG CANONNN LASER MF- 4820D ÄÃƒ QUA Sá»¬ Dá»¤NG - AALO.VN,â‚«3.099.000,,,,,,,,3 nÄƒm trÆ°á»›c,"12,9k",513,242,shopaalo848,58%,trong vÃ i giá»
Äiá»‡n thoáº¡i bÃ n,,ÄÃ£ thÃ­ch (4),,0,"Ká»‡ DÃ¡n TÆ°á»ng Äá»ƒ Äiá»‡n Thoáº¡i,Äiá»u Khiá»ƒn Remote SiÃªu Tiá»‡n Lá»£i - Khay Äá»±ng Äiá»‡n Thoáº¡i DÃ¡n TÆ°á»ng",â‚«9.999,,,,,,,,3 nÄƒm trÆ°á»›c,49,24,0,hieusl21072000,57%,trong vÃ i giá»
Äiá»‡n thoáº¡i bÃ n,,ÄÃ£ thÃ­ch (1),,0,Äiá»‡n thoáº¡i bÃ n IP Yealink SIP-T56A mÃ n hÃ¬nh cáº£m á»©ng 7inch,â‚«6.858.600,,,,,,,,10 thÃ¡ng trÆ°á»›c,182,307,18,duhunggroups2021,64%,trong vÃ i giá»
Äiá»‡n thoáº¡i bÃ n,,ÄÃ£ thÃ­ch (663),,0,VIENTHONGMAILINH Äiá»‡n thoáº¡i bÃ n Láº¯p Sim khÃ´ng dÃ¢y Homphone huawei,â‚«490.000,,,,,,,,4 nÄƒm trÆ°á»›c,"4,1k",105,1,linhvms,5%,trong vÃ i phÃºt
Äiá»‡n thoáº¡i bÃ n,,ÄÃ£ thÃ­ch (1),,0,"DÃ¢y Ä‘iá»‡n thoáº¡i Ä‘iá»‡n thoáº¡i di Ä‘á»™ng Ä‘Æ°á»£c phÃ¡t sÃ³ng trá»±c tiáº¿p, nhÃ¢n viÃªn giÆ°á»ng náº±m trÃªn bÃ n tay mÃ¡y quay nhanh, hÃ£y tá»± kÃ­c",â‚«103.206 - â‚«234.982,,,,,,,,9 thÃ¡ng trÆ°á»›c,1,183,0,2x7ku7m3jb,7%,trong vÃ i giá»
Äiá»‡n thoáº¡i bÃ n,,ÄÃ£ thÃ­ch (665),,0,VIENTHONGMAILINH Äiá»‡n Thoáº¡i BÃ n KhÃ´ng DÃ¢y Láº¯p Sim,â‚«490.000,,,,,,,,4 nÄƒm trÆ°á»›c,"4,1k",105,1,linhvms,5%,trong vÃ i phÃºt
Äiá»‡n thoáº¡i bÃ n,,ÄÃ£ thÃ­ch (2),,0,Äiá»‡n thoáº¡i bÃ n IP Yealink VP SIP-T58V mÃ n hÃ¬nh Ä‘iá»‡n dung 17inch,â‚«8.179.200,,,,,,,,10 thÃ¡ng trÆ°á»›c,182,307,18,duhunggroups2021,64%,trong vÃ i giá»
Äiá»‡n thoáº¡i bÃ n,,ÄÃ£ thÃ­ch (663),,0,VIENTHONGMAILINH Äiá»‡n thoáº¡i bÃ n khÃ´ng dÃ¢y Láº®P SIM Huawei F316,â‚«490.000,,,,,,,,4 nÄƒm trÆ°á»›c,"4,1k",105,1,linhvms,5%,trong vÃ i phÃºt
Äiá»‡n thoáº¡i bÃ n,,ÄÃ£ thÃ­ch (2),,0,Äiá»‡n thoáº¡i bÃ n IP Yealink SIP-T53 mÃ n hÃ¬nh LCD Ä‘á»“ há»a 3.7inch,â‚«3.237.600,,,,,,,,10 thÃ¡ng trÆ°á»›c,182,307,18,duhunggroups2021,64%,trong vÃ i giá»
Äiá»‡n thoáº¡i bÃ n,,ÄÃ£ thÃ­ch (1),,0,MÃ¡y fax nhiá»‡t Panasonic kx-ft933,â‚«1.400.000,,,,,,,,16 thÃ¡ng trÆ°á»›c,1,29,10,ngannguyenhoply,64%,trong vÃ i giá»
Äiá»‡n thoáº¡i bÃ n,,ÄÃ£ thÃ­ch (1),,0,Chip MX-560AT - DÃ¹ng cho mÃ¡y photo Sharp MX M464N/M564N/460,â‚«80.000,,,,,,,,4 nÄƒm trÆ°á»›c,399,1k,"1,8k",minhtien181,93%,trong vÃ i giá»
Äiá»‡n thoáº¡i bÃ n,,ÄÃ£ thÃ­ch (5),,0,"ğŸ’¥GIÃ Sá»CğŸ’¥ Combo bÃ n sofa vÃ  ká»‡ tivi Ä‘á»ƒ phÃ²ng khÃ¡ch, bÃ n sofa Ä‘áº¹p, ká»‡ tivi Ä‘áº¹p KTV002",â‚«3.450.000,,,,,,,,15 thÃ¡ng trÆ°á»›c,"4,2k",886,275,trananhshop.69,87%,trong vÃ i giá»
Äiá»‡n thoáº¡i bÃ n,,ÄÃ£ thÃ­ch (4),,0,Äiá»‡n thoáº¡i bÃ n IP Yealink T31 cÃ´ng nghá»‡ lá»c tiáº¿ng á»“n,â‚«1.096.000,,,,,,,,10 thÃ¡ng trÆ°á»›c,182,307,18,duhunggroups2021,64%,trong vÃ i giá»
Äiá»‡n thoáº¡i bÃ n,,ÄÃ£ thÃ­ch (1),,0,Äiá»‡n thoáº¡i láº­p trÃ¬nh LDP-7224D,â‚«750.000,,,,,,,,3 nÄƒm trÆ°á»›c,5,15,0,baoduyt,57%,trong vÃ i giá»
Äiá»‡n thoáº¡i bÃ n,,ÄÃ£ thÃ­ch (14),,0,"âœ”ï¸ MÃ¡y Äiá»‡n Thoáº¡i BÃ n Láº¯p 2 Sim - CÃ³ Tiáº¿ng Viá»‡t âœ”ï¸ ETS 6588 Láº¯p Má»i Loáº¡i Sim Di Äá»™ng, Gphone, HomePhone",â‚«579.000,,,,,,,,22 thÃ¡ng trÆ°á»›c,4k,178,523,one.mac,98%,trong vÃ i giá»
Äiá»‡n thoáº¡i bÃ n,,ÄÃ£ thÃ­ch (1),,0,Äiá»‡n thoáº¡i Misubishi D905i mÃ u Ä‘en,â‚«800.000,,,,,,,,4 nÄƒm trÆ°á»›c,378,914,92,nhutthao1988,37%,trong vÃ i giá»
Äiá»‡n thoáº¡i bÃ n,,ÄÃ£ thÃ­ch (8),,0,Robot hÃºt bá»¥i Ecovacs Deebot D3 Line Friends  - Cam káº¿t chÃ­nh hÃ£ng - Báº£o hÃ nh 12 thÃ¡ng,â‚«8.010.000,,,,,,,,3 nÄƒm trÆ°á»›c,"5,5k",229,45,ecotech_vietnam,52%,trong vÃ i giá»
Äiá»‡n thoáº¡i bÃ n,,ÄÃ£ thÃ­ch (4),,0,Äiá»‡n thoáº¡i TCL 3288+ chÃ­nh hÃ£ng,â‚«800.000,,,,,,,,4 nÄƒm trÆ°á»›c,265,988,130,jeremie.09,67%,trong vÃ i giá»
Äiá»‡n thoáº¡i bÃ n,,ÄÃ£ thÃ­ch (1),,0,MÃY CASSETTE NATIONAL A2,â‚«15.000.000,,,,,,,,4 nÄƒm trÆ°á»›c,129,38,3,trunglp88,57%,trong vÃ i giá»
Äiá»‡n thoáº¡i bÃ n,,ÄÃ£ thÃ­ch (1),,0,MÃ¡y quay Handycam Pana HC- V620M zoom 50x cÃ³ wifi káº¿t ná»‘i Ä‘iá»‡n thoáº¡i,â‚«5.690.000,,,,,,,,4 nÄƒm trÆ°á»›c,"1,6k",679,808,zungge,90%,trong vÃ i giá»
Äiá»‡n thoáº¡i bÃ n,,ÄÃ£ thÃ­ch (1),,0,âœ¾âœ‰Xiaomi Bá»™ sáº¡c khÃ´ng dÃ¢y lÃ m mÃ¡t báº±ng giÃ³ dá»c Ä‘iá»‡n thoáº¡i di Ä‘á»™ng 55W ChÃ­nh hÃ£ng Cá»­a hÃ ng Ä‘áº§u thá»©c cá»§a,â‚«1.089.051,,,,,,,,13 thÃ¡ng trÆ°á»›c,136,428,10,hjxu0rdwar,10%,trong vÃ i giá»
Äiá»‡n thoáº¡i bÃ n,,"ÄÃ£ thÃ­ch (1,4k)",,0,Há»™p Äiá»‡n Ã‚m BÃ n Chá»¯ Nháº­t - 118*263mm - Kiá»ƒu 1 - Há»™p Äiá»‡n Ã‚m BÃ n Äa NÄƒng,â‚«365.000,,,,,,,,12 thÃ¡ng trÆ°á»›c,"6,2k",517,172,sieuthidomoc,66%,trong vÃ i giá»
Äiá»‡n thoáº¡i bÃ n,,ÄÃ£ thÃ­ch (1),,0,ÄIá»†N THOáº I BÃ€N PANASONIC KX-TS880,â‚«361.000,,,,,,,,3 nÄƒm trÆ°á»›c,21,167,3,hoangcao192,50%,trong vÃ i giá»
Äiá»‡n thoáº¡i bÃ n,,ÄÃ£ thÃ­ch (2),,0,MÃ¡y Ä‘iá»‡n giáº£i ion kiá»m Panasonic TK-AS45,â‚«20.105.000,,,,,,,,34 thÃ¡ng trÆ°á»›c,131,240,147,ananbinh87,96%,trong vÃ i phÃºt
Äiá»‡n thoáº¡i bÃ n,,ÄÃ£ thÃ­ch (1),,0,Vá» Gá»— Äiá»‡n Thoáº¡i 1202,â‚«299.000,,,,,,,,17 thÃ¡ng trÆ°á»›c,0,6,0,annh6789,17%,trong vÃ i giá»
Äiá»‡n thoáº¡i bÃ n,,ÄÃ£ thÃ­ch (2),,0,mÃ¡y lÃ  Mj Animals swag (Moji),â‚«120.000,,,,,,,,4 nÄƒm trÆ°á»›c,90,18,0,nga_pham_quynh,21%,trong vÃ i phÃºt
Äiá»‡n thoáº¡i bÃ n,,ÄÃ£ thÃ­ch (13),,0,ETS3023+ â˜ï¸ MÃ¡y Äiá»‡n Thoáº¡i BÃ n â˜ï¸ Láº¯p Sim Gphone STK MÃ£ Huawei ETS3023+ [HOT Nháº¥t],â‚«439.000,,,,,,,,16 thÃ¡ng trÆ°á»›c,"1,1k",138,72,vin_one,96%,trong vÃ i giá»
Äiá»‡n thoáº¡i bÃ n,,ÄÃ£ thÃ­ch (1),,0,DÃ¢y Ä‘iá»‡n thay tháº¿,â‚«2.200.000,,,,,,,,4 nÄƒm trÆ°á»›c,51,26,53,thinhhopham,4%,trong vÃ i giá»
Äiá»‡n thoáº¡i bÃ n,,,,0,"LÃ´ sáº¥y rá»i Photo Xerox S1810, 2010, 2220, 2040, 2420",â‚«250.000,,,,,,,,4 nÄƒm trÆ°á»›c,19,632,41,tranthituyen222,57%,trong vÃ i giá»
Äiá»‡n thoáº¡i bÃ n,,ÄÃ£ thÃ­ch (2),,0,Äiá»‡n thoáº¡i Nháº­t Sharp SH-09C,â‚«3.900.000,,,,,,,,5 nÄƒm trÆ°á»›c,960,2k,658,haivan87,50%,trong vÃ i giá»
Äiá»‡n thoáº¡i bÃ n,,ÄÃ£ thÃ­ch (585),,0,MÃ¡y laser 5 tia xanh MÃ¡y cÃ¢n má»±c laser,â‚«900.000,,,,,,,,4 nÄƒm trÆ°á»›c,"4,8k",263,864,hadaka_dh,86%,trong vÃ i giá»
Äiá»‡n thoáº¡i bÃ n,,ÄÃ£ thÃ­ch (37),,0,"â¤ï¸ Äiá»‡n Thoáº¡i BÃ n KhÃ´ng DÃ¢y Láº¯p Sim, Gáº¯n CÃ¡c Loáº¡i Sim: VinaPhone, Viettel, Mobifone, Gphone, HomePhone Huawei GSM F316",â‚«389.000,,,,,,,,17 thÃ¡ng trÆ°á»›c,296,162,365,an_box,98%,trong vÃ i giá»
Äiá»‡n thoáº¡i bÃ n,,ÄÃ£ thÃ­ch (1),,0,ChÃ­nh HÃ£ng MÃ¡y Laser Canzy Korea,â‚«25.200.000,,,,,,,,4 nÄƒm trÆ°á»›c,"5,1k",382,"1,5k",chichbongbonbon,90%,trong vÃ i giá»
Äiá»‡n thoáº¡i bÃ n,,ÄÃ£ thÃ­ch (232),,0,"â˜ï¸ Äiá»‡n Thoáº¡i BÃ n KhÃ´ng DÃ¢y DÃ¹ng Sim Di Äá»™ng, Sim GPhone, Sim HomePhone - Báº£n 2 Sim, CÃ³ Tiáº¿ng Viá»‡tâ˜ï¸",â‚«579.000 - â‚«639.000,,,,,,,,4 nÄƒm trÆ°á»›c,"1,4k",141,562,bon_bon_store,9%,trong vÃ i giá»
Äiá»‡n thoáº¡i bÃ n,,ÄÃ£ thÃ­ch (2),,0,BÃ n gá»i 8 vÃ¹ng zone Bosch PLM-8CS,â‚«15.169.000,,,,,,,,12 thÃ¡ng trÆ°á»›c,9,333,0,luan.0906,56%,trong vÃ i giá»
Äiá»‡n thoáº¡i bÃ n,,,,0,"BÃ n bar, bÃ n cafe",â‚«800.000,,,,,,,,29 thÃ¡ng trÆ°á»›c,59,377,0,banghevuphong,67%,trong vÃ i giá»
Äiá»‡n thoáº¡i bÃ n,,ÄÃ£ thÃ­ch (2),,0,Äiá»‡n thoáº¡i mÃ¨o tÃ´m biáº¿t nÃ³i 10 chá»©c nÄƒng - MaÃ¹ ngáº«u nhiÃªn,â‚«50.000,,,,,,,,19 thÃ¡ng trÆ°á»›c,9,50,5,sungfashion,24%,trong vÃ i giá»
Äiá»‡n thoáº¡i bÃ n,,ÄÃ£ thÃ­ch (141),,0,Äiá»‡n thoáº¡i bÃ n PANASONIC KX-TS500MX MÃ£ SP: KX-TS500MX,â‚«207.000,,,,,,,,13 thÃ¡ng trÆ°á»›c,"2,9k",315,28,tongkhodientugiadung,8%,trong vÃ i giá»
Äiá»‡n thoáº¡i bÃ n,,ÄÃ£ thÃ­ch (1),,0,[MÃ£ 11ELSALE hoÃ n 7% Ä‘Æ¡n 300K] Ampli High fax Hi -1200S chuyÃªn dá»¥ng cho nhÃ  nuÃ´i yáº¿n,â‚«2.200.000 - â‚«2.900.000,,,,,,,,27 thÃ¡ng trÆ°á»›c,611,149,646,hoainam24101996,94%,trong vÃ i giá»
Äiá»‡n thoáº¡i bÃ n,,ÄÃ£ thÃ­ch (3),,0,Äiá»‡n thoáº¡i FPT BUK 10- hÃ ng chÃ­nh hÃ£ng,â‚«420.000,,,,,,,,27 thÃ¡ng trÆ°á»›c,147,21,155,winluxyrystore,15%,trong vÃ i giá»
Äiá»‡n thoáº¡i bÃ n,,ÄÃ£ thÃ­ch (3),,0,MÃ¡y In Bluetoot káº¿t ná»‘i Ä‘iá»‡n thoáº¡i,â‚«650.000,,,,,,,,4 nÄƒm trÆ°á»›c,989,105,62,andynguyen93,74%,trong vÃ i giá»
Äiá»‡n thoáº¡i bÃ n,,ÄÃ£ thÃ­ch (1),,0,Chip AR-310ST - DÃ¹ng cho mÃ¡y photo Sharp AR 5625/5631/M258/M318,â‚«70.000,,,,,,,,4 nÄƒm trÆ°á»›c,399,1k,"1,8k",minhtien181,93%,trong vÃ i giá»
Äiá»‡n thoáº¡i bÃ n,,ÄÃ£ thÃ­ch (2),,0,Äiá»‡n thoáº¡i nháº­t sharp nec 001n xÃ¡ch tay,â‚«1.200.000,,,,,,,,4 nÄƒm trÆ°á»›c,378,914,92,nhutthao1988,37%,trong vÃ i giá»
Äiá»‡n thoáº¡i bÃ n,,ÄÃ£ thÃ­ch (1),,0,Äiá»‡n Thoáº¡i BÃ n Panasonic KX-TSC11 MÃ n HÃ¬nh HÃ ng Má»›i,â‚«590.000,,,,,,,,16 thÃ¡ng trÆ°á»›c,1,29,10,ngannguyenhoply,64%,trong vÃ i giá»
Äiá»‡n thoáº¡i bÃ n,,ÄÃ£ thÃ­ch (21),,0,Khung vÃ  máº¡ch mÃ¡y kháº¯c laser 3050 - 1222SA,â‚«1.510.000,,,,,,,,5 nÄƒm trÆ°á»›c,261,156,193,tikiushop,14%,trong vÃ i phÃºt
Äiá»‡n thoáº¡i bÃ n,,ÄÃ£ thÃ­ch (36),,0,"Tá»§ trÆ°ng bÃ y Ä‘iá»‡n thoáº¡i,tá»§ Ä‘iá»‡n thoáº¡i",â‚«4.500.000,,,,,,,,25 thÃ¡ng trÆ°á»›c,"83,5k",133,637,thanhson10191,47%,trong vÃ i giá»
Äiá»‡n thoáº¡i bÃ n,,ÄÃ£ thÃ­ch (122),,0,MÃ¡y triá»‡t lÃ´ng laser busan korea - chá»‰nh postsize to nhá» tia laser,â‚«38.888.000,,,,,,,,11 thÃ¡ng trÆ°á»›c,"1,1k",401,8,thietbispahanoi_giare,90%,trong vÃ i giá»
Äiá»‡n thoáº¡i bÃ n,,ÄÃ£ thÃ­ch (470),,0,MÃ¡y laser 12 tia xanh hitachi,â‚«1.750.000,,,,,,,,4 nÄƒm trÆ°á»›c,"4,8k",263,864,hadaka_dh,86%,trong vÃ i giá»
Äiá»‡n thoáº¡i bÃ n,,,,0,DÃ¢y Ä‘iá»‡n CVV 2x1.5,â‚«13.057,,,,,,,,12 thÃ¡ng trÆ°á»›c,2,10,0,dangthinhphatco,9%,trong vÃ i giá»
Äiá»‡n thoáº¡i bÃ n,,ÄÃ£ thÃ­ch (3),,0,Äiá»‡n thoáº¡i mÃ¨o mÃ¡y DORAEMON,â‚«650.000,,,,,,,,24 thÃ¡ng trÆ°á»›c,65,533,177,huyenthanhngo2006,54%,trong vÃ i giá»
Äiá»‡n thoáº¡i bÃ n,,ÄÃ£ thÃ­ch (1),,0,DaÌ‚y baÌ‚Ìm meÌ‚Ì€m maÌy aÌ‰nh for Fujifilm RR-90,â‚«120.000,,,,,,,,4 nÄƒm trÆ°á»›c,546,488,852,tacamera,73%,trong vÃ i giá»
Äiá»‡n thoáº¡i bÃ n,,ÄÃ£ thÃ­ch (3),,0,"DÃ¢y cua loa mÃ¡y sáº¥y whirlpool 15kg hÃ ng tá»‘t ( dÃ¹ng cho model 4705, 4815)",â‚«380.000,,,,,,,,3 nÄƒm trÆ°á»›c,19,19,8,nguyenthinguyet199111,57%,trong vÃ i giá»
Äiá»‡n thoáº¡i bÃ n,,ÄÃ£ thÃ­ch (1),,0,Äiá»‡n thoáº¡i bÃ n Panasonic KX-TS 500,â‚«365.000,,,,,,,,29 thÃ¡ng trÆ°á»›c,76,140,163,dienmayhuyenanhvn,73%,trong vÃ i giá»
Äiá»‡n thoáº¡i bÃ n,,ÄÃ£ thÃ­ch (3),,0,Äiá»‡n thoáº¡i mÃ¨o mÃ¡y DORAEMON,â‚«650.000,,,,,,,,3 nÄƒm trÆ°á»›c,241,635,285,sidienthoai68,62%,trong vÃ i giá»
Äiá»‡n thoáº¡i bÃ n,,"ÄÃ£ thÃ­ch (4,1k)",,2,Äiá»‡n thoáº¡i khÃ´ng dÃ¢y Panasonic KX-TGF310,â‚«2.088.000,,,,,,,,26 thÃ¡ng trÆ°á»›c,"2,8k",21,0,xuanthao.bn,9%,trong vÃ i giá»
Äiá»‡n thoáº¡i bÃ n,,ÄÃ£ thÃ­ch (609),,0,MÃY FAX LASER CANON L120 ÄÃƒ QUA Sá»¬ Dá»¤NG - AALO.VN,â‚«1.469.020,,,,,,,,13 thÃ¡ng trÆ°á»›c,"17,2k",184,168,mayingiare_aalo.vn,49%,trong vÃ i giá»
Äiá»‡n thoáº¡i bÃ n,,ÄÃ£ thÃ­ch (1),,0,Äiá»‡n thoáº¡i IP Yealink SIP-T40P Ã¢m thanh Optima HD,â‚«2.385.600,,,,,,,,10 thÃ¡ng trÆ°á»›c,182,307,18,duhunggroups2021,64%,trong vÃ i giá»
Äiá»‡n thoáº¡i bÃ n,,ÄÃ£ thÃ­ch (1),,0,Äiá»‡n thoáº¡i cá»• Ä‘iá»ƒn trang trÃ­  cháº¥t liá»‡u kim loáº¡i,â‚«700.000,,,,,,,,4 nÄƒm trÆ°á»›c,85,103,222,ananhhuy,46%,trong vÃ i giá»
Äiá»‡n thoáº¡i bÃ n,,ÄÃ£ thÃ­ch (4),,0,Äiá»‡n thoáº¡i láº¯p trÆ°á»£t cÅ© LG KF750,,,,,,,,,,,,,,,
Äiá»‡n thoáº¡i bÃ n,,ÄÃ£ thÃ­ch (2),,0,BÃ n mixer Protessional- D7 - MXD7,â‚«3.550.000,,,,,,,,22 thÃ¡ng trÆ°á»›c,13,352,15,luuvanquang12345,15%,trong vÃ i phÃºt
Äiá»‡n thoáº¡i bÃ n,,,,0,"GIáº¢M GIÃ MÃ¡y xá»›i Ä‘áº¥t, mÃ¡y cÃ y mini Vikyno MK 70 Cá»°C SOCK",â‚«10.500.000,,,,,,,,33 thÃ¡ng trÆ°á»›c,"7,9k","1,1k",261,maymocviet.vn258pvd,76%,trong vÃ i giá»
Äiá»‡n thoáº¡i bÃ n,,ÄÃ£ thÃ­ch (1),,0,Äiá»‡n thoáº¡i nháº­t nec n-05b xÃ¡ch tay,â‚«990.000,,,,,,,,4 nÄƒm trÆ°á»›c,378,914,92,nhutthao1988,37%,trong vÃ i giá»
Äiá»‡n thoáº¡i bÃ n,,ÄÃ£ thÃ­ch (1),,0,Äiá»‡n thoáº¡i bÃ n Siemens Äá»©c Euroset 2005,â‚«50.000,,,,,,,,3 nÄƒm trÆ°á»›c,79,57,45,haianhtechn,88%,trong vÃ i giá»
Äiá»‡n thoáº¡i bÃ n,,"ÄÃ£ thÃ­ch (4,1k)",,0,Äiá»‡n thoáº¡i bÃ n khÃ´ng dÃ¢y Panasonic KX-TGC410,â‚«1.150.000,,,,,,,,26 thÃ¡ng trÆ°á»›c,"2,8k",21,0,xuanthao.bn,9%,trong vÃ i giá»
Äiá»‡n thoáº¡i bÃ n,,ÄÃ£ thÃ­ch (4),,0,ETS3023+ â˜ï¸ MÃ¡y Äiá»‡n Thoáº¡i BÃ n â˜ï¸ Láº¯p Sim Gphone STK MÃ£ Huawei ETS3023+,â‚«504.000,,,,,,,,34 thÃ¡ng trÆ°á»›c,6k,169,224,cokakids,52%,trong vÃ i phÃºt
Äiá»‡n thoáº¡i bÃ n,,,,0,"ThÆ°á»›c Ä‘o gÃ³c Ä‘iá»‡n tá»­ mÃ n hÃ¬nh LCD
",â‚«176.000 - â‚«181.000,,,,,,,,32 thÃ¡ng trÆ°á»›c,"1,9k","6,6k",2k,simhoa.vn,100%,trong vÃ i giá»
Äiá»‡n thoáº¡i bÃ n,,,,0,DÃ¢y CÃ¡p Ná»‘i DÃ i Äiá»‡n Thoáº¡i RJ11 12h Cho NhÃ /VÄƒn PhÃ²ng,â‚«30.000,,,,,,,,16 thÃ¡ng trÆ°á»›c,90,887,68,blesiya11.vn,100%,trong vÃ i giá»
Äiá»‡n thoáº¡i bÃ n,,,,0,"1 quáº¡t táº£n nhiá»‡t kÃ©p 12cm tÃ­ch há»£p Ä‘Ã¨n LED nhiá»u mÃ u 12V cho PC
",â‚«67.721,,,,,,,,35 thÃ¡ng trÆ°á»›c,"2,6k","5,3k","3,3k",btsgo.vn,98%,trong vÃ i giá»
Äiá»‡n thoáº¡i bÃ n,,ÄÃ£ thÃ­ch (1),,0,DÃ‚Y ÄIá»†N CADIVI CUá»˜N 100M,â‚«342.000 - â‚«1.588.000,,,,,,,,5 nÄƒm trÆ°á»›c,81,134,37,ch_ductin_2009,27%,trong vÃ i giá»
Äiá»‡n thoáº¡i bÃ n,,,,0,"1 bá»™ táº£n nhiá»‡t RAM Ä‘á»ƒ bÃ n cho bá»™ nhá»› DDR2 DDR3 DDR4
",â‚«32.166,,,,,,,,35 thÃ¡ng trÆ°á»›c,"2,6k","5,3k","3,3k",btsgo.vn,98%,trong vÃ i giá»
Äiá»‡n thoáº¡i bÃ n,,,,0,"DÃ¢y cÃ¡p chuyá»ƒn Ä‘á»•i RJ9 4P4C sang 3.5mm cho Ä‘iá»‡n thoáº¡i
",â‚«62.000,,,,,,,,21 thÃ¡ng trÆ°á»›c,762,"4,8k","1,2k",koolsoo2.vn,100%,trong vÃ i giá»
Äiá»‡n thoáº¡i bÃ n,,,,0,Xiapistore Replacement Thin Touch Screen S Pen for L-G Stylos 4/Q8/Q Stylus/Q Stylus Plus,â‚«38.800 - â‚«40.700,,,,,,,,3 nÄƒm trÆ°á»›c,"1,6k",5k,"4,3k",xiapistore.vn,19%,trong vÃ i giá»
Äiá»‡n thoáº¡i bÃ n,5.0,,5.0,1,Äiá»‡n thoáº¡i ZONO - N8110 hÃ¬nh trÃ¡i chuá»‘i Ä‘á»™c Ä‘Ã¡o,â‚«155.000,1 Sao (0),2 Sao (0),3 Sao (0),4 Sao (0),5 Sao (1),CÃ³ BÃ¬nh luáº­n (0),CÃ³ hÃ¬nh áº£nh / video (0),21 thÃ¡ng trÆ°á»›c,104,170,188,dienthoaidoc6,56%,trong vÃ i giá»
Äiá»‡n thoáº¡i bÃ n,,ÄÃ£ thÃ­ch (1),,1,MÃ¡y lÃ  tháº³ng ion báº£n to PritechÂ®,â‚«510.000,,,,,,,,6 nÄƒm trÆ°á»›c,"21,2k",85,"3,1k",lynh_85,61%,trong vÃ i giá»
Äiá»‡n thoáº¡i bÃ n,,,,0,"â™MÃ¡y sáº¥y tÃ³c cho tiá»‡m lÃ m tÃ³c cÃ´ng suáº¥t lá»›n gia Ä‘Ã¬nh, nÄƒng lÆ°á»£ng giÃ³ lá»›n vÃ  ion Ã¢m kÃ½ tÃºc xÃ¡ chÄƒm sÃ³c tÃ³c MÃ¡y sáº¥y tÃ³c sáº¥",â‚«258.000 - â‚«299.000,,,,,,,,7 thÃ¡ng trÆ°á»›c,77,593,11,vldx6b2q87,47%,trong vÃ i giá»
Äiá»‡n thoáº¡i bÃ n,,,,1,"Set 2 quáº¡t táº£n nhiá»‡t 95mm FDC10U12S9-C CF1010U12S cho XFX Radeon RX580 RX590
",â‚«105.840,,,,,,,,3 nÄƒm trÆ°á»›c,827,"2,2k","5,4k",curry1n9.vn,99%,trong vÃ i giá»
Äiá»‡n thoáº¡i bÃ n,,,,2,MÃ¡y Fax Panasonic KX-FT987 Giáº¥y Cuá»™n,â‚«1.400.000,,,,,,,,16 thÃ¡ng trÆ°á»›c,1,29,10,ngannguyenhoply,64%,trong vÃ i giá»
Äiá»‡n thoáº¡i bÃ n,,,,2,"Panasonic kx-t7730 Ä‘iá»‡n thoáº¡i lá»… TÃ¢n,láº­p trÃ¬nh",â‚«1.100.000,,,,,,,,5 nÄƒm trÆ°á»›c,87,160,110,nguyenthetai118,87%,trong vÃ i giá»
Äiá»‡n thoáº¡i bÃ n,,,,2,"Giáº¥y lau kÃ­nh Visomax lau sáº¡ch kÃ­nh, máº·t laptop vÃ  mÃ n hÃ¬nh kÃ­nh cÃ¡c loáº¡i",â‚«45.000,,,,,,,,19 thÃ¡ng trÆ°á»›c,13,50,11,hangchuannoidiaduc,22%,trong vÃ i giá»
Äiá»‡n thoáº¡i bÃ n,,,,0,GiÃ¡ Äá»¡ Ä‚ng Ten Gáº¯n Cá»‘p Xe HÆ¡i Molson K33 Báº±ng Inox ChuyÃªn DÃ¹ng,â‚«421.100,,,,,,,,4 thÃ¡ng trÆ°á»›c,1,664,0,uhailaiabizi.vn,57%,trong vÃ i giá»
Äiá»‡n thoáº¡i bÃ n,,,,0,[Cá»±c Hot] Robot hÃºt bá»¥i lau nhÃ  tá»± Ä‘á»™ng ES250 pin sáº¡c láº¡c hÃ ng nháº­p kháº©u báº£o hÃ nh 12 thÃ¡ng Like Tech 1 Ä‘á»•i 1,â‚«926.846,,,,,,,,7 thÃ¡ng trÆ°á»›c,3,855,0,w4l46t3k5z,4%,trong vÃ i giá»
Äiá»‡n thoáº¡i bÃ n,,,,0,GÆ°Æ¡ng Chiáº¿u Háº­u Xoay 360 Äá»™ Cháº¥t LÆ°á»£ng Cao DÃ nh Cho Xe Äáº¡p,â‚«195.000,,,,,,,,46 ngÃ y trÆ°á»›c,0,1k,0,amiinaah1l.vn,57%,trong vÃ i giá»
Äiá»‡n thoáº¡i bÃ n,,,,0,Cuá»™n BÄƒng Keo Voopooo Argus Pro / Argus x / Argus / Grag max / Rag x Qn9.6F,â‚«499.000,,,,,,,,46 ngÃ y trÆ°á»›c,0,980,0,diahmuspaketsl.vn,57%,trong vÃ i giá»
Äiá»‡n thoáº¡i bÃ n,,,,0,"Phá»¥ kiá»‡n trang trÃ­ nhÃ  cá»­a nhá» nháº¯n xinh xáº¯n thá»i trang
",â‚«247.574,,,,,,,,33 ngÃ y trÆ°á»›c,0,466,0,yn87687978.vn,57%,trong vÃ i giá»
Äiá»‡n thoáº¡i bÃ n,,,,0,â» HÃ¬nh DÃ¡n Vapooor II V2 Trá»n Bá»™ 10ml âœ­,â‚«385.000,,,,,,,,32 ngÃ y trÆ°á»›c,0,"1,3k",0,ginakfmarketes.vn,57%,trong vÃ i giá»
Äiá»‡n thoáº¡i bÃ n,,,,0,Main Äiá»‡n Thoáº¡i Xiaomi Redmi 5 plus,â‚«750.000,,,,,,,,15 thÃ¡ng trÆ°á»›c,17,141,15,linkphukienmobi,29%,trong vÃ i giá»
Äiá»‡n thoáº¡i bÃ n,,,,0,"MÃ¡y hÃ n miá»‡ng tÃºi thá»±c pháº©m mini cáº§m tay tiá»‡n lá»£i
",â‚«61.610 - â‚«63.440,,,,,,,,15 thÃ¡ng trÆ°á»›c,1k,"2,4k","1,1k",spring1.vn,18%,trong vÃ i giá»
Äiá»‡n thoáº¡i bÃ n,,ÄÃ£ thÃ­ch (1),,0,[HCM]Äiá»‡n thoáº¡i bÃ n CHUÃ”NG Lá»šN MÃ€NG HÃŒNH TO ktel 902 - BH 12 thÃ¡ng,â‚«395.000,,,,,,,,3 nÄƒm trÆ°á»›c,102,249,193,muanhanhph,29%,trong vÃ i giá»
Äiá»‡n thoáº¡i bÃ n,,,,0,"MÃ¡y Ä‘o Ä‘á»™ áº©m cá»§a nÆ°á»›c báº±ng gá»—
",â‚«191.000,,,,,,,,13 thÃ¡ng trÆ°á»›c,99,3k,327,minifine.vn,100%,trong vÃ i giá»
Äiá»‡n thoáº¡i bÃ n,,,,0,"Thiáº¿t bá»‹ bÃ¡o Ä‘á»™ng ná»“ng Ä‘á»™ CO Ä‘á»™ nháº¡y cao cho nhÃ  á»Ÿ
",â‚«289.000,,,,,,,,10 thÃ¡ng trÆ°á»›c,32,730,41,wishshopeelq.vn,100%,trong vÃ i phÃºt
Äiá»‡n thoáº¡i bÃ n,,,,0,"Thiáº¿t bá»‹ bÃ¡o Ä‘á»™ng ná»“ng Ä‘á»™ CO Ä‘á»™ nháº¡y cao cho nhÃ  á»Ÿ
",â‚«281.000,,,,,,,,17 thÃ¡ng trÆ°á»›c,298,"4,9k",284,lzdjhyke3.vn,71%,trong vÃ i giá»
Äiá»‡n thoáº¡i bÃ n,,,,0,"Äá»“ng há»“ Ä‘o váº¡n nÄƒng vá»›i Ä‘á»™ chÃ­nh xÃ¡c cao
",â‚«175.000 - â‚«201.000,,,,,,,,9 thÃ¡ng trÆ°á»›c,78,"4,7k",85,haluoo.vn,95%,trong vÃ i giá»
Äiá»‡n thoáº¡i bÃ n,,,,0,"Äá»“ng há»“ Ä‘o Ä‘á»™ dÃ y ká»¹ thuáº­t sá»‘ HW-300 cho xe hÆ¡i 0-2000UM
",â‚«260.000,,,,,,,,32 thÃ¡ng trÆ°á»›c,421,"4,4k",330,almencla.vn,96%,trong vÃ i giá»
Äiá»‡n thoáº¡i bÃ n,,,,0,Linh kiá»‡n Ä‘iá»‡n thoáº¡i Bphone 2/3 (BKAV) hÃ ng zin - linh kiá»‡n Ä‘á»™c,â‚«99.000 - â‚«150.000,,,,,,,,4 nÄƒm trÆ°á»›c,178,395,212,vudinhdoan123,51%,trong vÃ i giá»
Äiá»‡n thoáº¡i bÃ n,,,,0,Jack Cáº¯m Rj11 Rj11 Rj 11 Cho Äiá»‡n Thoáº¡i,â‚«24.500,,,,,,,,18 ngÃ y trÆ°á»›c,0,"1,1k",0,ianriantono7676s.vn,57%,trong vÃ i giá»
Äiá»‡n thoáº¡i bÃ n,,,,0,"Thiáº¿t bá»‹ kiá»ƒm tra áº¯c quy xe mÃ¡y kW208 100-2000CA
",â‚«427.000,,,,,,,,32 thÃ¡ng trÆ°á»›c,1k,5k,"1,1k",hellery2.vn,100%,trong vÃ i giá»
Äiá»‡n thoáº¡i bÃ n,,,,0,Loa Radio RIG / HT SiÃªu bass,â‚«495.500,,,,,,,,4 thÃ¡ng trÆ°á»›c,1,664,0,uhailaiabizi.vn,57%,trong vÃ i giá»
Äiá»‡n thoáº¡i bÃ n,,,,0,CÃ¡p Ä‚ng Ten Rg58 PLUS Ná»‘i DÃ i 10M ChuyÃªn Dá»¥ng,â‚«558.400,,,,,,,,4 thÃ¡ng trÆ°á»›c,1,664,0,uhailaiabizi.vn,57%,trong vÃ i giá»
Äiá»‡n thoáº¡i bÃ n,,,,0,"2 miáº¿ng táº£n nhiá»‡t cho laptop báº±ng Ä‘á»“ng kÃ­ch thÆ°á»›c 0.5mm
",â‚«40.322,,,,,,,,3 nÄƒm trÆ°á»›c,827,"2,2k","5,4k",curry1n9.vn,99%,trong vÃ i giá»
Äiá»‡n thoáº¡i bÃ n,,,,0,vá»£t inox 304,â‚«60.000,,,,,,,,22 thÃ¡ng trÆ°á»›c,0,4,0,thachngocthuong1224,10%,trong vÃ i giá»
Äiá»‡n thoáº¡i bÃ n,,,,0,âª Ä‚ng Ten 2N IC-V80 IC-V8 NH25 HT Icom IC-2N VHF BNC Male Má»›i âœ±,â‚«256.000,,,,,,,,39 ngÃ y trÆ°á»›c,0,985,0,solehstokoqe.vn,57%,trong vÃ i giá»
Äiá»‡n thoáº¡i bÃ n,,,,0,â˜ˆ DÃ¢y CÃ¡p Usb Cho Bá»™ ÄÃ m Ht ChuyÃªn Dá»¥ng â˜,â‚«274.000,,,,,,,,32 ngÃ y trÆ°á»›c,0,"1,4k",0,purwamegishopru.vn,57%,trong vÃ i giá»
Äiá»‡n thoáº¡i bÃ n,,,,0,"MÃ¡y dÃ² ná»“ng Ä‘á»™ carbon dioxide sáº¡c USB cho phÃ²ng khÃ¡ch/phÃ²ng táº¯m
",â‚«343.000,,,,,,,,32 thÃ¡ng trÆ°á»›c,"1,2k","8,8k","1,1k",shiwaki1.vn,100%,trong vÃ i giá»
Äiá»‡n thoáº¡i bÃ n,,,,0,"MÃ¡y dÃ² Ä‘iá»‡n tá»« K2 EMF chuyÃªn dá»¥ng
",â‚«439.000,,,,,,,,17 thÃ¡ng trÆ°á»›c,622,"3,5k",524,lzdxwcke3.vn,98%,trong vÃ i giá»
Äiá»‡n thoáº¡i bÃ n,,,,0,"MÃ¡y dÃ² ná»“ng Ä‘á»™ carbon dioxide sáº¡c USB cho phÃ²ng khÃ¡ch/phÃ²ng táº¯m
",â‚«343.000,,,,,,,,17 thÃ¡ng trÆ°á»›c,463,"4,2k",392,lzdxwcke2.vn,100%,trong vÃ i giá»
Äiá»‡n thoáº¡i bÃ n,,,,0,"ThÆ°á»›c Ä‘o ká»¹ thuáº­t sá»‘ mini cho mÃ¡y khoan gá»—
",â‚«173.000 - â‚«178.000,,,,,,,,3 nÄƒm trÆ°á»›c,515,"4,1k",274,predolo1.vn,100%,trong vÃ i giá»
Äiá»‡n thoáº¡i bÃ n,,,,0,VÃ²ng Quay RPM 11.11 40 / RPM 80 / ALIKE 0.4 OHM 5 077 ChuyÃªn Dá»¥ng,â‚«421.300,,,,,,,,46 ngÃ y trÆ°á»›c,2,965,0,jokohutaimurahmi.vn,70%,trong vÃ i giá»
Äiá»‡n thoáº¡i bÃ n,,,,0,"ThÆ°á»›c Ä‘o gÃ³c Ä‘iá»‡n tá»­ mÃ n hÃ¬nh LCD
",â‚«171.000 - â‚«176.000,,,,,,,,17 thÃ¡ng trÆ°á»›c,868,"2,4k",690,lzdjfmy2.vn,99%,trong vÃ i giá»
Äiá»‡n thoáº¡i bÃ n,,,,0,"Set 2 quáº¡t táº£n nhiá»‡t 95mm FDC10U12S9-C CF1010U12S cho XFX Radeon RX580 RX590
",â‚«187.550,,,,,,,,36 thÃ¡ng trÆ°á»›c,413,5k,"1,3k",treeling.vn,48%,trong vÃ i giá»
Äiá»‡n thoáº¡i bÃ n,,,,0,"Set 2 quáº¡t táº£n nhiá»‡t 95mm FDC10U12S9-C CF1010U12S cho XFX Radeon RX580 RX590
",â‚«109.468,,,,,,,,9 thÃ¡ng trÆ°á»›c,"1,7k","4,7k","2,2k",charmant12.vn,61%,trong vÃ i giá»
Äiá»‡n thoáº¡i bÃ n,,,,0,1 Bá»™ Tai Nghe Radio Hai Chiá»u Wln HT KD-C2 Trá»±c Tiáº¿p Konk KD-C1,â‚«656.000,,,,,,,,3 thÃ¡ng trÆ°á»›c,0,39,0,milanooutletsdp.vn,57%,trong vÃ i giá»
Äiá»‡n thoáº¡i bÃ n,,,,0,Bá»™ ÄÃ m Hai Chiá»u Táº§n Sá»‘ Cao,â‚«890.000,,,,,,,,3 thÃ¡ng trÆ°á»›c,0,39,0,milanooutletsdp.vn,57%,trong vÃ i giá»
Äiá»‡n thoáº¡i bÃ n,,,,0,Bá»™ PhÃ¡t TÃ­n Hiá»‡u radio RPU ÄÆ¡n Giáº£n Tiá»‡n Dá»¥ng,â‚«785.000,,,,,,,,3 thÃ¡ng trÆ°á»›c,0,39,0,milanooutletsdp.vn,57%,trong vÃ i giá»
Äiá»‡n thoáº¡i bÃ n,,,,0,Epson LK-5WBN 18mm Äen TrÃªn BÄƒng Tráº¯ng | Lw-k400 LW-600P LW-1000P,â‚«617.000,,,,,,,,3 thÃ¡ng trÆ°á»›c,0,39,0,milanooutletsdp.vn,57%,trong vÃ i giá»
Äiá»‡n thoáº¡i bÃ n,,,,0,ICOM â™ Ä‚ng ten HT Icomic-V80 â˜ª,â‚«243.000,,,,,,,,8 thÃ¡ng trÆ°á»›c,0,137,0,uuswadstore.vn,57%,trong vÃ i giá»
Äiá»‡n thoáº¡i bÃ n,,,,0,"MÃ¡y Ä‘o nhiá»‡t Ä‘á»™ phÃ²ng khÃ¡ch chuyÃªn nghiá»‡p dá»… láº¯p Ä‘áº·t
",â‚«247.000,,,,,,,,15 thÃ¡ng trÆ°á»›c,119,2k,121,flourishroly2.vn,100%,trong vÃ i giá»
Äiá»‡n thoáº¡i bÃ n,,ÄÃ£ thÃ­ch (1),,0,"Pin Li-Ion 8000mAh cho bá»™ Ä‘á»‹nh tuyáº¿n vÃ  CCTV Camera 9V1A DC Lithium
",â‚«466.712 - â‚«480.386,,,,,,,,19 thÃ¡ng trÆ°á»›c,"1,7k","4,8k","4,6k",quuquuz.vn,100%,trong vÃ i giá»
Äiá»‡n thoáº¡i bÃ n,,,,0,Káº¹p Äai Tháº¯t LÆ°ng Ht Vx-6 Vx-7 Vx6 Vx7 Ht Yaesu Vx-6R Vx-7R Vx6R Vx7R Cháº¥t LÆ°á»£ng Cao,â‚«492.000,,,,,,,,4 thÃ¡ng trÆ°á»›c,0,647,0,givienmarketsdz.vn,57%,trong vÃ i giá»
Äiá»‡n thoáº¡i bÃ n,,,,0,Ä‚ng Ten Xe HÆ¡i Dp-cl2e 145cm DPCL2E VHF Ori 4.1dB Radio HT DPCL2E,â‚«960.200,,,,,,,,4 thÃ¡ng trÆ°á»›c,1,664,0,uhailaiabizi.vn,57%,trong vÃ i giá»
Äiá»‡n thoáº¡i bÃ n,,,,0,ROBOT HÃšT Bá»¤I LAU NHÃ€ BOWAI CÃ“ ÄÃˆN UV DIá»†T KHUáº¨N,â‚«272.000,,,,,,,,11 thÃ¡ng trÆ°á»›c,15,"1,1k",15,khogiare1,76%,trong vÃ i giá»
Äiá»‡n thoáº¡i bÃ n,,,,0,"Nhiá»‡t káº¿ Ä‘iá»‡n tá»­ Ä‘o nhiá»‡t Ä‘á»™ thá»±c pháº©m
",â‚«141.000,,,,,,,,13 thÃ¡ng trÆ°á»›c,"1,6k","2,4k","2,5k",lovehomely.vn,50%,trong vÃ i giá»
Äiá»‡n thoáº¡i bÃ n,,,,0,"Äá»“ng há»“ Ä‘o váº¡n nÄƒng vá»›i Ä‘á»™ chÃ­nh xÃ¡c cao
",â‚«175.000 - â‚«201.000,,,,,,,,,,,,,,
Äiá»‡n thoáº¡i bÃ n,,,,,,,,,,,,,,,,,,,,
Äiá»‡n thoáº¡i bÃ n,,,,,,,,,,,,,,,,,,,,
Äiá»‡n thoáº¡i bÃ n,,,,,,,,,,,,,,,,,,,,
Äiá»‡n thoáº¡i bÃ n,,,,0,"BÃºt thá»­ Ä‘iá»‡n cÃ³ Ä‘Ã¨n LED phÃ¡t sÃ¡ng
",â‚«206.000,,,,,,,,3 nÄƒm trÆ°á»›c,"2,1k","4,3k","1,8k",prettyia1.vn,99%,trong vÃ i giá»
Äiá»‡n thoáº¡i bÃ n,,,,0,"Quáº¡t táº£n nhiá»‡t CPU GPU thay tháº¿ cho Strix TUF 6 FX505 FX505G FX505GE FX505GD
",â‚«119.716,,,,,,,,6 thÃ¡ng trÆ°á»›c,54,"5,1k",350,kkvision.vn,27%,trong vÃ i giá»
Äiá»‡n thoáº¡i bÃ n,,,,0,Xiapistore Anti-Lost Universal Mobile Phone Tablet Touch Screen Drawing Writing Stylus Pen,â‚«7.400 - â‚«11.600,,,,,,,,3 nÄƒm trÆ°á»›c,"1,6k",5k,"4,3k",xiapistore.vn,19%,trong vÃ i giá»
Äiá»‡n thoáº¡i bÃ n,,,,,,,,,,,,,,,,,,,,
Äiá»‡n thoáº¡i bÃ n,,,,,,,,,,,,,,,,,,,,
Äiá»‡n thoáº¡i bÃ n,,,,,,,,,,,,,,,,,,,,
Äiá»‡n thoáº¡i bÃ n,,,,,,,,,,,,,,,,,,,,
Äiá»‡n thoáº¡i bÃ n,,,,0,DÃ¢y CÃ¡p Äiá»‡n Thoáº¡i R-vv 2X0.6 2X0.6 2X0.6 2X0.6 50M,â‚«349.700,,,,,,,,39 ngÃ y trÆ°á»›c,0,759,0,ukulelegitarkecapiun.vn,57%,trong vÃ i giá»
Äiá»‡n thoáº¡i bÃ n,,,,0,"Khá»‘i lÃ m mÃ¡t nÆ°á»›c 40mm báº±ng nhÃ´m cho laptop
",â‚«49.277,,,,,,,,21 thÃ¡ng trÆ°á»›c,379,"1,8k",634,run12seven.vn,24%,trong vÃ i giá»
Äiá»‡n thoáº¡i bÃ n,,,,0,Ä‚ng Ten HT ALINCO DJ 195 196 EA0058 VHF Cháº¥t LÆ°á»£ng Cao,â‚«625.800,,,,,,,,32 ngÃ y trÆ°á»›c,0,30,0,athiramustika5615zt.vn,57%,trong vÃ i giá»
Äiá»‡n thoáº¡i bÃ n,,,,0,"Thiáº¿t bá»‹ bÃ¡o Ä‘á»™ng ná»“ng Ä‘á»™ CO Ä‘á»™ nháº¡y cao cho nhÃ  á»Ÿ
",â‚«289.000,,,,,,,,17 thÃ¡ng trÆ°á»›c,216,7k,791,szyongx1.vn,100%,trong vÃ i giá»
Äiá»‡n thoáº¡i bÃ n,,,,0,"MÃ¡y dÃ² Ä‘iá»‡n tá»« K2 EMF chuyÃªn dá»¥ng
",â‚«427.000,,,,,,,,14 thÃ¡ng trÆ°á»›c,103,"4,7k",207,hahaha1.vn,100%,trong vÃ i giá»
Äiá»‡n thoáº¡i bÃ n,,,,0,"ThÆ°á»›c Ä‘o ká»¹ thuáº­t sá»‘ 4x90 cho mÃ¡y khoan gá»—
",â‚«179.000 - â‚«184.000,,,,,,,,10 thÃ¡ng trÆ°á»›c,377,"3,3k",350,wishshopeeyx.vn,100%,trong vÃ i giá»
Äiá»‡n thoáº¡i bÃ n,,,,0,"ThÆ°á»›c Ä‘o ká»¹ thuáº­t sá»‘ mini cho mÃ¡y khoan gá»—
",â‚«173.000 - â‚«178.000,,,,,,,,3 nÄƒm trÆ°á»›c,"1,8k","5,6k","1,7k",fenteer2.vn,99%,trong vÃ i giá»
Äiá»‡n thoáº¡i bÃ n,,,,0,"MÃ¡y dÃ² ná»“ng Ä‘á»™ carbon dioxide sáº¡c USB cho phÃ²ng khÃ¡ch/phÃ²ng táº¯m
",â‚«348.000,,,,,,,,21 thÃ¡ng trÆ°á»›c,503,"4,6k",227,koolsoo.vn,97%,trong vÃ i giá»
Äiá»‡n thoáº¡i bÃ n,,,,0,"ThÆ°á»›c Ä‘o ká»¹ thuáº­t sá»‘ mini cho mÃ¡y khoan gá»—
",â‚«171.000 - â‚«176.000,,,,,,,,17 thÃ¡ng trÆ°á»›c,29,"4,7k",118,szxflie3.vn,100%,trong vÃ i giá»
Äiá»‡n thoáº¡i bÃ n,,,,0,"ThÆ°á»›c Ä‘o ká»¹ thuáº­t sá»‘ mini cho mÃ¡y khoan gá»—
",â‚«168.000 - â‚«173.000,,,,,,,,3 nÄƒm trÆ°á»›c,456,9k,649,toyfulcabin.vn,100%,trong vÃ i giá»
Äiá»‡n thoáº¡i bÃ n,,,,0,"Thiáº¿t bá»‹ bÃ¡o Ä‘á»™ng ná»“ng Ä‘á»™ CO Ä‘á»™ nháº¡y cao cho nhÃ  á»Ÿ
",â‚«281.000,,,,,,,,9 thÃ¡ng trÆ°á»›c,31,"2,1k",86,jjgggo.vn,100%,trong vÃ i giá»
Äiá»‡n thoáº¡i bÃ n,,,,0,"MÃ¡y dÃ² Ä‘iá»‡n tá»« K2 EMF chuyÃªn dá»¥ng
",â‚«430.000,,,,,,,,9 thÃ¡ng trÆ°á»›c,31,"2,1k",86,jjgggo.vn,100%,trong vÃ i giá»
Äiá»‡n thoáº¡i bÃ n,,,,0,"LÆ°á»¡i dao thay tháº¿ cho Panasonic ER-GP80 1610 1511 153 154 160 VG101
",â‚«60.000,,,,,,,,5 thÃ¡ng trÆ°á»›c,35,984,6,baidou.vn,84%,trong vÃ i giá»
Äiá»‡n thoáº¡i bÃ n,,,,0,"ThÆ°á»›c Ä‘o gÃ³c Ä‘iá»‡n tá»­ mÃ n hÃ¬nh LCD
",â‚«171.000 - â‚«176.000,,,,,,,,17 thÃ¡ng trÆ°á»›c,58,"4,3k",160,szgrqkj3.vn,100%,trong vÃ i giá»
Äiá»‡n thoáº¡i bÃ n,,,,0,"Quáº¡t táº£n nhiá»‡t CPU cho laptop Dell Inspiron 14 5480 5488 15 5580 5588 Vostro 15 5581 V5581 0G0D3G0G0GD3G0
",â‚«112.223,,,,,,,,6 thÃ¡ng trÆ°á»›c,54,"5,1k",350,kkvision.vn,27%,trong vÃ i giá»
Äiá»‡n thoáº¡i bÃ n,,,,0,Bá»™ Sáº¡c Ht Firstcom Fc 05,â‚«709.000,,,,,,,,11 ngÃ y trÆ°á»›c,0,613,0,sadinazuhriwh.vn,57%,trong vÃ i giá»
Äiá»‡n thoáº¡i bÃ n,,,,0,"DÃ¢y cÃ¡p ná»‘i dÃ i tai nghe Ä‘iá»‡n thoáº¡i dÃ i 2m RJ11 4C
",â‚«15.000,,,,,,,,18 thÃ¡ng trÆ°á»›c,205,"2,9k",231,homyl3.vn,100%,trong vÃ i giá»
Äiá»‡n thoáº¡i bÃ n,,,,0,"Ná»“i háº¥p báº±ng silicone chá»‹u nhiá»‡t Ä‘á»™ cao tiá»‡n dá»¥ng
",â‚«117.000 - â‚«119.000,,,,,,,,13 thÃ¡ng trÆ°á»›c,"1,6k","2,4k","2,5k",lovehomely.vn,50%,trong vÃ i giá»
Äiá»‡n thoáº¡i bÃ n,,,,0,"Thiáº¿t bá»‹ bÃ¡o Ä‘á»™ng ná»“ng Ä‘á»™ CO Ä‘á»™ nháº¡y cao cho nhÃ  á»Ÿ
",â‚«281.000,,,,,,,,9 thÃ¡ng trÆ°á»›c,78,"4,7k",85,haluoo.vn,95%,trong vÃ i giá»
Äiá»‡n thoáº¡i bÃ n,,,,0,"MÃ¡y dÃ² Ä‘iá»‡n tá»« K2 EMF chuyÃªn dá»¥ng
",â‚«430.000,,,,,,,,9 thÃ¡ng trÆ°á»›c,78,"4,7k",85,haluoo.vn,95%,trong vÃ i giá»
Äiá»‡n thoáº¡i bÃ n,,,,0,"Set 2 quáº¡t táº£n nhiá»‡t 95mm FDC10U12S9-C CF1010U12S cho XFX Radeon RX580 RX590
",â‚«120.764,,,,,,,,33 thÃ¡ng trÆ°á»›c,"3,7k",5k,"2,7k",starbling.vn,92%,trong vÃ i giá»
Äiá»‡n thoáº¡i bÃ n,,,,,,,,,,,,,,,,,,,,
Äiá»‡n thoáº¡i bÃ n,,,,,,,,,,,,,,,,,,,,
Äiá»‡n thoáº¡i bÃ n,,,,,,,,,,,,,,,,,,,,
Äiá»‡n thoáº¡i bÃ n,,,,,,,,,,,,,,,,,,,,
Äiá»‡n thoáº¡i bÃ n,,,,,,,,,,,,,,,,,,,,
Äiá»‡n thoáº¡i bÃ n,,,,,,,,,,,,,,,,,,,,
Äiá»‡n thoáº¡i bÃ n,,,,0,"Thiáº¿t bá»‹ kiá»ƒm tra áº¯c quy xe mÃ¡y kW208 100-2000CA
",â‚«397.000,,,,,,,,32 thÃ¡ng trÆ°á»›c,"1,2k","8,8k","1,1k",shiwaki1.vn,100%,trong vÃ i giá»
Äiá»‡n thoáº¡i bÃ n,,,,0,"MÃ¡y dÃ² ná»“ng Ä‘á»™ carbon dioxide sáº¡c USB cho phÃ²ng khÃ¡ch/phÃ²ng táº¯m
",â‚«345.000 - â‚«346.000,,,,,,,,3 nÄƒm trÆ°á»›c,"2,1k","4,3k","1,8k",prettyia1.vn,99%,trong vÃ i giá»
Äiá»‡n thoáº¡i bÃ n,,,,0,"Quáº¡t táº£n nhiá»‡t cho laptop Dell Inspiron 14 5480 5488 15 5580 5588 Vostro 15 5581 V5581 0G0D3G G0D3G
",â‚«105.495,,,,,,,,19 thÃ¡ng trÆ°á»›c,"1,7k","4,8k","4,6k",quuquuz.vn,100%,trong vÃ i giá»
Äiá»‡n thoáº¡i bÃ n,,,,0,"Bá»™ táº£n nhiá»‡t 10 á»‘ng nhÃ´m cho CPU CO2 G1/4""
",â‚«143.167,,,,,,,,6 thÃ¡ng trÆ°á»›c,54,"5,1k",350,kkvision.vn,27%,trong vÃ i giá»
Äiá»‡n thoáº¡i bÃ n,,,,0,"MÃ¡y dÃ² Ä‘iá»‡n tá»« K2 EMF chuyÃªn dá»¥ng
",â‚«427.000,,,,,,,,17 thÃ¡ng trÆ°á»›c,599,"3,6k",349,lzdjfmy3.vn,100%,trong vÃ i phÃºt
Äiá»‡n thoáº¡i bÃ n,,,,0,"Äá»“ng há»“ Ä‘o cÃ´ng suáº¥t Ä‘iá»‡n Ä‘a nÄƒng Ä‘á»™ chÃ­nh xÃ¡c cao
",â‚«173.000 - â‚«199.000,,,,,,,,3 nÄƒm trÆ°á»›c,456,9k,649,toyfulcabin.vn,100%,trong vÃ i giá»
Äiá»‡n thoáº¡i bÃ n,,,,0,"ThÆ°á»›c Ä‘o ká»¹ thuáº­t sá»‘ mini cho mÃ¡y khoan gá»—
",â‚«168.000 - â‚«173.000,,,,,,,,32 thÃ¡ng trÆ°á»›c,"1,2k","8,8k","1,1k",shiwaki1.vn,100%,trong vÃ i giá»
Äiá»‡n thoáº¡i bÃ n,,,,0,Äiá»‡n thoáº¡i láº­p trÃ¬nh Panasonic KX-T7730,â‚«700.000,,,,,,,,16 thÃ¡ng trÆ°á»›c,1,29,10,ngannguyenhoply,64%,trong vÃ i giá»
Äiá»‡n thoáº¡i bÃ n,,,,0,Káº¹p Ä‘iá»‡n thoáº¡i -Thampee,â‚«37.000,,,,,,,,28 thÃ¡ng trÆ°á»›c,901,62,103,thampee88,50%,trong vÃ i giá»
Äiá»‡n thoáº¡i bÃ n,,,,0,BÃºt thá»­ Ä‘iá»‡n 6-24V cho xe hÆ¡i,â‚«60.000,,,,,,,,33 thÃ¡ng trÆ°á»›c,700,"8,2k",757,lovoski1.vn,100%,trong vÃ i phÃºt
Äiá»‡n thoáº¡i bÃ n,,,,0,Set 2 miáº¿ng táº£n nhiá»‡t báº±ng Ä‘á»“ng 0.5mm chuyÃªn dá»¥ng cho mÃ¡y tÃ­nh,â‚«40.322,,,,,,,,5 thÃ¡ng trÆ°á»›c,23,"1,3k",37,oohoohhu.vn,15%,trong vÃ i giá»
Äiá»‡n thoáº¡i bÃ n,,,,0,Thiáº¿t bá»‹ kiá»ƒm tra USB loáº¡i C 2 chiá»u Kws-1902C,â‚«153.000,,,,,,,,32 thÃ¡ng trÆ°á»›c,"2,9k","7,7k","1,8k",dynwave.vn,100%,trong vÃ i giá»
Äiá»‡n thoáº¡i bÃ n,,,,0,Thiáº¿t bá»‹ kiá»ƒm tra cháº¥t lÆ°á»£ng khÃ´ng khÃ­ CO2,â‚«220.000,,,,,,,,32 thÃ¡ng trÆ°á»›c,1k,"9,2k","1,2k",lacooppia1.vn,100%,trong vÃ i giá»
Äiá»‡n thoáº¡i bÃ n,,,,,,,,,,,,,,,,,,,,
Äiá»‡n thoáº¡i bÃ n,,,,,,,,,,,,,,,,,,,,
Äiá»‡n thoáº¡i bÃ n,,,,0,2 miáº¿ng táº£n nhiá»‡t báº±ng Ä‘á»“ng cho laptop notebook 0.5mm,â‚«51.201,,,,,,,,33 thÃ¡ng trÆ°á»›c,"2,7k","9,9k","4,2k",wingo.vn,97%,trong vÃ i giá»
Äiá»‡n thoáº¡i bÃ n,,,,,,,,,,,,,,,,,,,,
Äiá»‡n thoáº¡i bÃ n,,,,0,"MÃ¡y Ä‘o nhiá»‡t Ä‘á»™ phÃ²ng khÃ¡ch chuyÃªn nghiá»‡p dá»… láº¯p Ä‘áº·t
",â‚«251.000,,,,,,,,,,,,,,
Äiá»‡n thoáº¡i bÃ n,,,,0,MÃ¡y triá»‡t lÃ´ng laser busan korea - chá»‰nh postsize to nhá» tia laser,â‚«41.221.280,,,,,,,,,,,,,,
Äiá»‡n thoáº¡i bÃ n,,,,0,"MÃ¡y nháº¥n mÃ­ chuyÃªn dÃ¹ng cho spa, tháº©m má»¹ viá»‡n",â‚«490.000,,,,,,,,,,,,,,
Äiá»‡n thoáº¡i bÃ n,,,,0,USB Ä‘o dÃ²ng Ä‘iá»‡n 10 trong 1,â‚«121.000,,,,,,,,17 thÃ¡ng trÆ°á»›c,379,"2,2k",590,szlinyou3.vn,98%,trong vÃ i giá»
Äiá»‡n thoáº¡i bÃ n,,,,0,GiÃ¡ Ä‘á»¡ Ä‘iá»‡n thoáº¡i gáº¯n tÆ°á»ng tiá»‡n dá»¥ng,â‚«295.000 - â‚«382.000,,,,,,,,4 thÃ¡ng trÆ°á»›c,0,127,0,hualalaef.vn,57%,trong vÃ i giá»
Äiá»‡n thoáº¡i bÃ n,,,,0,VÃ´n káº¿ ká»¹ thuáº­t sá»‘ 6.5-100V DC 20A,â‚«190.000,,,,,,,,17 thÃ¡ng trÆ°á»›c,749,"4,2k","1,1k",lzdjhyke1.vn,100%,trong vÃ i giá»
Äiá»‡n thoáº¡i bÃ n,,,,0,MÃ¡y Ä‘o cháº¥t lÆ°á»£ng khÃ´ng khÃ­ CO2 cho trÆ°á»ng há»c,â‚«589.000,,,,,,,,14 thÃ¡ng trÆ°á»›c,511,"6,6k",371,bonprix.vn,100%,trong vÃ i giá»
Äiá»‡n thoáº¡i bÃ n,,,,0,Bá»™ 10 bÃºt thá»­ Ä‘iá»‡n Ä‘a nÄƒng AC 90V-1000V,â‚«243.000,,,,,,,,14 thÃ¡ng trÆ°á»›c,511,"6,6k",371,bonprix.vn,100%,trong vÃ i giá»
Äiá»‡n thoáº¡i bÃ n,,,,0,MÃ¡y Ä‘o cháº¥t lÆ°á»£ng khÃ´ng khÃ­ CO2 cho trÆ°á»ng há»c,â‚«572.000,,,,,,,,32 thÃ¡ng trÆ°á»›c,648,"3,6k",931,dynwave1.vn,100%,trong vÃ i giá»
Äiá»‡n thoáº¡i bÃ n,,,,0,Thiáº¿t bá»‹ cáº£m biáº¿n khÃ­ CO2 chuyÃªn dá»¥ng cho vÄƒn phÃ²ng,â‚«613.000,,,,,,,,13 thÃ¡ng trÆ°á»›c,99,3k,327,minifine.vn,100%,trong vÃ i giá»
Äiá»‡n thoáº¡i bÃ n,,,,0,"USB loáº¡i C 10 trong 1 vÃ´n káº¿ 4-30V hiá»ƒn thá»‹ mÃ n hÃ¬nh ká»¹ thuáº­t sá»‘
",â‚«128.000,,,,,,,,17 thÃ¡ng trÆ°á»›c,501,"1,1k",540,lzdyqmy1.vn,100%,trong vÃ i giá»
Äiá»‡n thoáº¡i bÃ n,,,,0,Bá»™ Sáº¡c Nhanh Ht Cho Weierwei Vev-3288S,â‚«600.200,,,,,,,,4 thÃ¡ng trÆ°á»›c,0,647,0,givienmarketsdz.vn,57%,trong vÃ i giá»
Äiá»‡n thoáº¡i bÃ n,,,,0,Linh Kiá»‡n Äiá»‡n Tá»­ Huawei B310,â‚«280.500,,,,,,,,4 thÃ¡ng trÆ°á»›c,0,647,0,givienmarketsdz.vn,57%,trong vÃ i giá»
Äiá»‡n thoáº¡i bÃ n,,,,0,"MÃ¡y Ä‘o ná»“ng Ä‘á»™ CO2 mÃ n hÃ¬nh ká»¹ thuáº­t sá»‘ kÃ¨m sáº¡c USB tiá»‡n dá»¥ng cho nhÃ  kÃ­nh
",â‚«598.000,,,,,,,,17 thÃ¡ng trÆ°á»›c,868,"2,4k",690,lzdjfmy2.vn,99%,trong vÃ i giá»
Äiá»‡n thoáº¡i bÃ n,,,,0,ChuÃ´ng Äiá»‡n Gáº¯n Xe Äáº¡p Cháº¥t LÆ°á»£ng Cao,â‚«765.000,,,,,,,,46 ngÃ y trÆ°á»›c,0,1k,0,amiinaah1l.vn,57%,trong vÃ i giá»
Äiá»‡n thoáº¡i bÃ n,,,,,,,,,,,,,,,,,,,,
Äiá»‡n thoáº¡i bÃ n,,,,,,,,,,,,,,,,,,,,
Äiá»‡n thoáº¡i bÃ n,,,,,,,,,,,,,,,,,,,,
Äiá»‡n thoáº¡i bÃ n,,,,,,,,,,,,,,,,,,,,
Äiá»‡n thoáº¡i bÃ n,,,,,,,,,,,,,,,,,,,,
Äiá»‡n thoáº¡i bÃ n,5.0,ÄÃ£ thÃ­ch (5),5.0,484,Phiáº¿n Ä‘áº¥u dÃ¢y Krone Ä‘iá»‡n thoáº¡i 10 Ä‘Ã´i 10x2,â‚«17.000,1 Sao (0),2 Sao (0),3 Sao (0),4 Sao (0),5 Sao (10),CÃ³ BÃ¬nh luáº­n (2),CÃ³ hÃ¬nh áº£nh / video (1),4 nÄƒm trÆ°á»›c,755,444,"1,8k",thefibervn,98%,trong vÃ i phÃºt
Äiá»‡n thoáº¡i bÃ n,4.7,ÄÃ£ thÃ­ch (42),4.7,200," Äiá»‡n thoáº¡i bÃ n cá»‘ Ä‘á»‹nh khÃ´ng dÃ¢y láº¯p cÃ¡c loáº¡i SIM (Viettel, Vinaphone, Mobifone...)",â‚«369.000,,,,,,,,31 thÃ¡ng trÆ°á»›c,130,765,864,csttelecom,73%,trong vÃ i giá»
Äiá»‡n thoáº¡i bÃ n,5.0,ÄÃ£ thÃ­ch (8),5.0,100,HÃºt má»Ÿ mÃ n hÃ¬nh Ä‘iá»‡n thoáº¡i SS-041 (gá»­i mÃ u ngáº«u nhiÃªn),â‚«35.000,1 Sao (0),2 Sao (0),3 Sao (0),4 Sao (1),5 Sao (33),CÃ³ BÃ¬nh luáº­n (6),CÃ³ hÃ¬nh áº£nh / video (4),30 thÃ¡ng trÆ°á»›c,"2,2k",1k,"10,2k",linhkien_mobi,83%,trong vÃ i giá»
Äiá»‡n thoáº¡i bÃ n,4.9,ÄÃ£ thÃ­ch (33),4.9,180,Ká»‡ gá»— Ä‘áº§u giÆ°á»ng  gá»— thÃ´ng  láº¯p rÃ¡p cá»±c dá»… dÃ ng decor phÃ²ng siÃªu xinh - Ká»‡ tab giÆ°á»ng phÃ²ng ngá»§ - Báº£o hÃ nh 6 thÃ¡ng,â‚«199.000,1 Sao (1),2 Sao (0),3 Sao (0),4 Sao (0),5 Sao (27),CÃ³ BÃ¬nh luáº­n (26),CÃ³ hÃ¬nh áº£nh / video (24),6 thÃ¡ng trÆ°á»›c,117,23,274,likehome19,81%,trong vÃ i giá»
Äiá»‡n thoáº¡i bÃ n,4.7,ÄÃ£ thÃ­ch (606),4.7,"2,2k",Robot hÃºt bá»¥i Bowai thÃ´ng minh,â‚«282.000,1 Sao (14),2 Sao (11),3 Sao (13),4 Sao (51),5 Sao (466),CÃ³ BÃ¬nh luáº­n (253),CÃ³ hÃ¬nh áº£nh / video (152),33 thÃ¡ng trÆ°á»›c,"7,6k",800,"21,9k",shophuythuong,34%,trong vÃ i giá»
Äiá»‡n thoáº¡i bÃ n,4.9,ÄÃ£ thÃ­ch (33),4.9,350,"GiÃ¡ Ä‘á»¡ Ä‘iá»‡n thoáº¡i, khung áº£nh mini",â‚«5.000,1 Sao (1),2 Sao (0),3 Sao (3),4 Sao (3),5 Sao (132),CÃ³ BÃ¬nh luáº­n (36),CÃ³ hÃ¬nh áº£nh / video (30),28 thÃ¡ng trÆ°á»›c,"111,5k","1,6k","151,3k",giadunggogo,94%,trong vÃ i giá»
Äiá»‡n thoáº¡i bÃ n,4.6,"ÄÃ£ thÃ­ch (1,3k)",4.6,275,Bá»˜ Äáº¢O ÄIá»†N BÃŒNH áº®C QUY 24V RA 220V -60W,â‚«80.000,,,,,,,,3 thÃ¡ng trÆ°á»›c,"1,7k",80,106,shopthienphuocloc,85%,trong vÃ i giá»
Äiá»‡n thoáº¡i bÃ n,4.8,ÄÃ£ thÃ­ch (147),4.8,854,Äiá»‡n thoáº¡i bÃ n Láº¯p Sim khÃ´ng dÃ¢y Homphone huawei,â‚«390.000,,,,,,,,5 nÄƒm trÆ°á»›c,68,6,324,thaongo241095,65%,trong vÃ i giá»
Äiá»‡n thoáº¡i bÃ n,5.0,"ÄÃ£ thÃ­ch (1,2k)",5.0,177,Bá»˜ Äáº¢O ÄIá»†N BÃŒNH áº®C QUY 12V RA 220V -160W,â‚«230.000,,,,,,,,3 thÃ¡ng trÆ°á»›c,"1,7k",80,106,shopthienphuocloc,85%,trong vÃ i giá»
Äiá»‡n thoáº¡i bÃ n,,,,,,,,,,,,,,,,,,,,
Äiá»‡n thoáº¡i bÃ n,,ÄÃ£ thÃ­ch (1),,0,Ä‘iá»‡n thoáº¡i cá»§a tui .,â‚«300.000,,,,,,,,4 nÄƒm trÆ°á»›c,0,1,0,kimyoonmyeon,57%,trong vÃ i giá»
Äiá»‡n thoáº¡i bÃ n,,ÄÃ£ thÃ­ch (70),,1,Äiá»‡n thoáº¡i náº¯p gáº­p Sharp SH-03D xÃ¡ch tay Nháº­t,â‚«1.700.000,,,,,,,,5 nÄƒm trÆ°á»›c,960,2k,658,haivan87,50%,trong vÃ i giá»
Äiá»‡n thoáº¡i bÃ n,5.0,ÄÃ£ thÃ­ch (13),5.0,13,[MÃ£ 11ELSALE hoÃ n 7% xu Ä‘Æ¡n 300k] MÃ¡y hÃºt bá»¥i cáº§m tay khÃ´ng dÃ¢y Mijia SSXCQ01XY - Mi Vacuum Cleaner Mini,â‚«1.000.000,,,,,,,,5 nÄƒm trÆ°á»›c,"45,4k","2,7k","43,2k",chiemtaimobile,94%,trong vÃ i giá»
Äiá»‡n thoáº¡i bÃ n,5.0,ÄÃ£ thÃ­ch (1),5.0,22,"Háº¡t rá»‡p Ä‘iá»‡n Ä‘iá»‡n thoáº¡i RJ11, Äáº§u báº¥m háº¡t máº¡ng RJ11 ChÃ­nh hÃ£ng",â‚«80.000,1 Sao (0),2 Sao (0),3 Sao (0),4 Sao (0),5 Sao (3),CÃ³ BÃ¬nh luáº­n (0),CÃ³ hÃ¬nh áº£nh / video (0),5 nÄƒm trÆ°á»›c,163,518,303,newlinkno1,20%,trong vÃ i giá»
Äiá»‡n thoáº¡i bÃ n,5.0,ÄÃ£ thÃ­ch (4),5.0,11,BÃºt cáº£m á»©ng chá»‘ng tháº¥t láº¡c sá»­ dá»¥ng trÃªn mÃ n hÃ¬nh Ä‘iá»‡n thoáº¡i/mÃ¡y tÃ­nh báº£ng cÃ³ dÃ¢y Ä‘eo,â‚«7.150 - â‚«11.550,1 Sao (0),2 Sao (0),3 Sao (0),4 Sao (0),5 Sao (1),CÃ³ BÃ¬nh luáº­n (0),CÃ³ hÃ¬nh áº£nh / video (0),33 thÃ¡ng trÆ°á»›c,"1,3k","3,7k","2,3k",huaweiacces.vn,30%,trong vÃ i giá»
Äiá»‡n thoáº¡i bÃ n,5.0,ÄÃ£ thÃ­ch (50),5.0,15,Äiá»‡n Thoáº¡i SONY XPERIA XZ2  1SIM.,â‚«2.650.000 - â‚«2.750.000,1 Sao (0),2 Sao (0),3 Sao (0),4 Sao (0),5 Sao (6),CÃ³ BÃ¬nh luáº­n (3),CÃ³ hÃ¬nh áº£nh / video (1),4 nÄƒm trÆ°á»›c,"2,9k",197,403,thanhdatmobile2017,90%,trong vÃ i giá»
Äiá»‡n thoáº¡i bÃ n,4.9,"ÄÃ£ thÃ­ch (4,3k)",4.9,19,ROBOT HÃšT Bá»¤I LAU NHÃ€ BOWAI â€“DEAL Ráºº,â‚«319.000,,,,,,,,6 nÄƒm trÆ°á»›c,"63,7k",292,"6,2k",nghiahuynh112,72%,trong vÃ i giá»
Äiá»‡n thoáº¡i bÃ n,,"ÄÃ£ thÃ­ch (1,6k)",,0,[NHAÌ€ CUÌ‰A MAI] Äiá»‡n thoáº¡i bÃ n Láº¯p Sim khÃ´ng dÃ¢y Homphone huawei,â‚«490.000,,,,,,,,5 nÄƒm trÆ°á»›c,"20,4k",163,379,mai526666,94%,trong vÃ i giá»
Äiá»‡n thoáº¡i bÃ n,,,,,,,,,,,,,,,,,,,,
Äiá»‡n thoáº¡i bÃ n,4.6,ÄÃ£ thÃ­ch (5k),4.6,15,ROBOT HÃšT Bá»¤I LAU NHÃ€ BOWAI â€“ HÃ€NG CAO Cáº¤P,â‚«105.000 - â‚«318.000,,,,,,,,,,,,,,
Äiá»‡n thoáº¡i bÃ n,5.0,ÄÃ£ thÃ­ch (1),5.0,10,Äiá»‡n thoáº¡i bÃ n Uniden AS7413 (2 mÃ u Ä‘en vÃ  tráº¯ng),â‚«290.000,,,,,,,,4 nÄƒm trÆ°á»›c,21,71,157,mrken153,88%,trong vÃ i giá»
Äiá»‡n thoáº¡i bÃ n,5.0,ÄÃ£ thÃ­ch (2),5.0,15,(HÃ ng Má»›i Vá») LÆ°á»¡i Dao Thay Tháº¿ Cho TÃ´ng ÄÆ¡ Cáº¯t TÃ³c Codos Cp-6800 Kp-3000 Cp-5500,â‚«86.000,1 Sao (0),2 Sao (0),3 Sao (0),4 Sao (0),5 Sao (2),CÃ³ BÃ¬nh luáº­n (0),CÃ³ hÃ¬nh áº£nh / video (0),,,,,,,
Äiá»‡n thoáº¡i bÃ n,,,,,,,,,,,,,,,,,,,,
Äiá»‡n thoáº¡i bÃ n,,,,,,,,,,,,,,,,,,,,
Äiá»‡n thoáº¡i bÃ n,,,,,,,,,,,,,,,,,,,,
Äiá»‡n thoáº¡i bÃ n,5.0,ÄÃ£ thÃ­ch (18),5.0,438,Äiá»‡n Thoáº¡i Phá»• ThÃ´ng GiÃ¡ Ráº» Itel IT2161 Äiá»‡n Thoáº¡i Äáº­p ÄÃ¡ Cho NgÆ°á»i GiÃ  - OHNO Viá»‡t Nam,â‚«379.000,,,,,,,,,,,,,,
Äiá»‡n thoáº¡i bÃ n,5.0,ÄÃ£ thÃ­ch (4),5.0,10,50*100cm Skull Water Transfer Printing Dipping Laser Carvin Hydrographic Film,,,,,,,,,,,,,,,
Äiá»‡n thoáº¡i bÃ n,5.0,ÄÃ£ thÃ­ch (5),5.0,286,Äiá»‡n Thoáº¡i Phá»• ThÃ´ng Äáº­p ÄÃ¡ Itel IT2161 Äiá»‡n Thoáº¡i BÃ n PhÃ­m To Cho NgÆ°á»i GiÃ  - OHNO Viá»‡t Nam,â‚«379.000,,,,,,,,,,,,,,
Äiá»‡n thoáº¡i bÃ n,5.0,ÄÃ£ thÃ­ch (3),5.0,20,PANASONIC KX-TSC11 Äiá»‡n Thoáº¡i MÃ n HÃ¬nh Hiá»‡n Sá»‘ HÃ ng Xá»‹n,â‚«380.000 - â‚«599.000,,,,,,,,,,,,,,
Äiá»‡n thoáº¡i bÃ n,5.0,ÄÃ£ thÃ­ch (2),5.0,29,DÃ¢y xoáº¯n Ä‘iá»‡n thoáº¡i bÃ n,â‚«18.000,,,,,,,,,,,,,,
Äiá»‡n thoáº¡i bÃ n,5.0,ÄÃ£ thÃ­ch (32),5.0,16,"Äá»“ trang trÃ­ hÃ¬nh Ä‘iá»‡n thoáº¡i bÃ n cá»• Ä‘iá»ƒn Ä‘á»ƒ bÃ n trang trÃ­
",,,,,,,,,,,,,,,
Äiá»‡n thoáº¡i bÃ n,5.0,"ÄÃ£ thÃ­ch (1,4k)",5.0,24,Robot hÃºt bá»¥i lau nhÃ  cao cáº¥p,,,,,,,,,,,,,,,
Äiá»‡n thoáº¡i bÃ n,,,,3,"1 Bá»™ Lá»c KhÃ´ng KhÃ­ Cho Daikin Mc70Kmv2, Mck57Lmv2, Mc709Mv2 Series",â‚«64.992,,,,,,,,4 nÄƒm trÆ°á»›c,"11,4k",3k,"17,3k",weroyal.vn,98%,trong vÃ i giá»
Äiá»‡n thoáº¡i bÃ n,5.0,ÄÃ£ thÃ­ch (5),5.0,18,"â¤ MÃ¡y Äiá»‡n Thoáº¡i Äá»ƒ BÃ n Huawei F317 Láº¯p Má»i Loáº¡i Sim Di Äá»™ng, GPhone, HomePhone {GiÃ¡ Cá»±c Ráº»}",â‚«389.000 - â‚«579.000,1 Sao (0),2 Sao (0),3 Sao (0),4 Sao (0),5 Sao (5),CÃ³ BÃ¬nh luáº­n (3),CÃ³ hÃ¬nh áº£nh / video (3),16 thÃ¡ng trÆ°á»›c,13,114,21,vinnext,100%,trong vÃ i giá»
Äiá»‡n thoáº¡i bÃ n,5.0,ÄÃ£ thÃ­ch (3),5.0,15,"CaÌ€ng maÌy giÄƒÌ£t Electrolux 10843, 80743, 85743, 10844, 12844, 12843 truÌ£c chaÌ£c ba chiÌnh haÌƒng",â‚«510.000,1 Sao (0),2 Sao (0),3 Sao (0),4 Sao (0),5 Sao (5),CÃ³ BÃ¬nh luáº­n (4),CÃ³ hÃ¬nh áº£nh / video (1),4 nÄƒm trÆ°á»›c,"1,3k","2,4k","8,2k",liemhuong84,96%,trong vÃ i giá»
Äiá»‡n thoáº¡i bÃ n,5.0,ÄÃ£ thÃ­ch (2),5.0,16,"[HCM] Äiá»‡n thoáº¡i bÃ n chuÃ´ng to, hiá»‡n sá»‘ gá»i Ä‘áº¿n -  Ktel 504- BH 12 thÃ¡ng",â‚«375.000,1 Sao (0),2 Sao (0),3 Sao (0),4 Sao (0),5 Sao (5),CÃ³ BÃ¬nh luáº­n (2),CÃ³ hÃ¬nh áº£nh / video (1),4 nÄƒm trÆ°á»›c,266,436,409,muanhanhhang,75%,trong vÃ i giá»
Äiá»‡n thoáº¡i bÃ n,5.0,"ÄÃ£ thÃ­ch (1,4k)",5.0,32,"[Tiross- Viá»‡t Nam] ÄÃ¨n bÃ n há»c Tiross TS1805 2 mÃ u vÃ ng, báº¡c",â‚«499.000,1 Sao (0),2 Sao (0),3 Sao (0),4 Sao (0),5 Sao (9),CÃ³ BÃ¬nh luáº­n (5),CÃ³ hÃ¬nh áº£nh / video (1),4 nÄƒm trÆ°á»›c,"13,9k",190,"1,3k",tiross_vietnam,94%,trong vÃ i giá»
Äiá»‡n thoáº¡i bÃ n,4.7,ÄÃ£ thÃ­ch (498),4.7,29,Robot Xiaomi hÃºt bá»¥i lau nhÃ  Mijia Gen 2 (Mop P) - Báº£n quá»‘c táº¿,â‚«5.750.000 - â‚«7.100.000,1 Sao (1),2 Sao (0),3 Sao (0),4 Sao (0),5 Sao (13),CÃ³ BÃ¬nh luáº­n (8),CÃ³ hÃ¬nh áº£nh / video (2),5 nÄƒm trÆ°á»›c,"42,1k",140,"21,3k",shopdientu,90%,trong vÃ i giá»
Äiá»‡n thoáº¡i bÃ n,5.0,ÄÃ£ thÃ­ch (1),5.0,9,"Ä‘iá»‡n thoáº¡i vÄƒn phÃ²ng, Ä‘iá»‡n thoáº¡i khÃ¡ch sáº¡n, gia Ä‘Ã¬nh, loáº¡i cÃ³ dÃ¢y Ä‘á»ƒ bÃ n, cÃ³ mÃ n hÃ¬nh hiá»‡n sá»‘ gá»i tá»›i. KTeL 686",â‚«350.000,1 Sao (0),2 Sao (0),3 Sao (0),4 Sao (0),5 Sao (4),CÃ³ BÃ¬nh luáº­n (1),CÃ³ hÃ¬nh áº£nh / video (1),3 nÄƒm trÆ°á»›c,362,380,"1,3k",giare1416,63%,trong vÃ i giá»
Äiá»‡n thoáº¡i bÃ n,4.2,ÄÃ£ thÃ­ch (5),4.2,17,ÄIá»†N THOáº I BÃ€N PANASONIC KX-TS500,â‚«99.000 - â‚«249.000,,,,,,,,,,,,,,
Äiá»‡n thoáº¡i bÃ n,5.0,ÄÃ£ thÃ­ch (133),5.0,8,[MÃ£ 11ELSALE hoÃ n 7% Ä‘Æ¡n 300K] ETS3023 â˜ï¸ MÃ¡y Äiá»‡n Thoáº¡i BÃ n â˜ï¸ Gphone Huawei ETS3023 DÃ¹ng Sim STK VNPT,â‚«429.000,1 Sao (0),2 Sao (0),3 Sao (0),4 Sao (0),5 Sao (4),CÃ³ BÃ¬nh luáº­n (2),CÃ³ hÃ¬nh áº£nh / video (1),27 thÃ¡ng trÆ°á»›c,"7,8k",188,"1,4k",truong_an_phat,90%,trong vÃ i giá»
Äiá»‡n thoáº¡i bÃ n,5.0,ÄÃ£ thÃ­ch (4),5.0,8,12V 100A 4S BMS Li-ion LiFePO4 LiFe LMO Lithium Battery Protection Circuit Board DIY Accessories,â‚«87.500,1 Sao (0),2 Sao (0),3 Sao (0),4 Sao (0),5 Sao (1),CÃ³ BÃ¬nh luáº­n (0),CÃ³ hÃ¬nh áº£nh / video (0),26 thÃ¡ng trÆ°á»›c,"2,4k","3,1k","3,2k",yoodada.vn,100%,trong vÃ i phÃºt
Äiá»‡n thoáº¡i bÃ n,,,,,,,,,,,,,,,,,,,,
Äiá»‡n thoáº¡i bÃ n,,,,,,,,,,,,,,,,,,,,
Äiá»‡n thoáº¡i bÃ n,5.0,ÄÃ£ thÃ­ch (17),5.0,11, Robot hÃºt bá»¥i lau nhÃ  thÃ´ng minh Cao cáº¥p ES350/ ES350 Plus Äiá»u khiá»ƒn qua App Äiá»‡n thoáº¡i,â‚«800.000 - â‚«1.200.000,1 Sao (0),2 Sao (0),3 Sao (0),4 Sao (0),5 Sao (4),CÃ³ BÃ¬nh luáº­n (4),CÃ³ hÃ¬nh áº£nh / video (3),5 nÄƒm trÆ°á»›c,"1,7k",180,"2,6k",onhomez,95%,trong vÃ i giá»
Äiá»‡n thoáº¡i bÃ n,5.0,ÄÃ£ thÃ­ch (2),5.0,12,10 con Ä‘iá»‡n trá»Ÿ nhiá»‡t NTC 47D-15 kde4427,â‚«38.200,,,,,,,,4 nÄƒm trÆ°á»›c,"3,5k","4,4k","14,9k",khaidinhelectronics,80%,trong vÃ i giá»
Äiá»‡n thoáº¡i bÃ n,5.0,ÄÃ£ thÃ­ch (1),5.0,52,Äiá»‡n Thoáº¡i Phá»• ThÃ´ng GiÃ¡ Ráº» Forme Nano Äiá»‡n Thoáº¡i Äáº­p ÄÃ¡ Cho NgÆ°á»i GiÃ  â€“ OHNO Viá»‡t Nam ,â‚«998.000,1 Sao (0),2 Sao (0),3 Sao (0),4 Sao (0),5 Sao (1),CÃ³ BÃ¬nh luáº­n (0),CÃ³ hÃ¬nh áº£nh / video (0),5 nÄƒm trÆ°á»›c,"1,7k",289,367,mapalan,57%,trong vÃ i ngÃ y
Äiá»‡n thoáº¡i bÃ n,5.0,ÄÃ£ thÃ­ch (2),5.0,10,"TruÌ£c caÌ€ng ba maÌy giÄƒÌ£t Samsung 9kg, 10kg loaÌ£i to chiÌnh haÌƒng",â‚«570.000,,,,,,,,4 nÄƒm trÆ°á»›c,"1,3k","2,4k","8,2k",liemhuong84,96%,trong vÃ i giá»
Äiá»‡n thoáº¡i bÃ n,5.0,ÄÃ£ thÃ­ch (1),5.0,3,ÄIá»†N THOáº I 1202,â‚«199.000,1 Sao (0),2 Sao (0),3 Sao (0),4 Sao (0),5 Sao (2),CÃ³ BÃ¬nh luáº­n (0),CÃ³ hÃ¬nh áº£nh / video (0),5 nÄƒm trÆ°á»›c,30,147,132,dinhduccuong,6%,trong vÃ i giá»
Äiá»‡n thoáº¡i bÃ n,5.0,ÄÃ£ thÃ­ch (4),5.0,4,Thiáº¿t Tháº£ TrÃªn KhÃ´ng Äa NÄƒng Cho MÃ¡y Bay Äiá»u Khiá»ƒn Tá»« Xa Dji Air 2s Cháº¥t LÆ°á»£ng Cao,â‚«417.000,1 Sao (0),2 Sao (0),3 Sao (0),4 Sao (0),5 Sao (2),CÃ³ BÃ¬nh luáº­n (1),CÃ³ hÃ¬nh áº£nh / video (1),9 thÃ¡ng trÆ°á»›c,107,"1,4k",53,recih.vn,100%,trong vÃ i giá»
Äiá»‡n thoáº¡i bÃ n,4.6,ÄÃ£ thÃ­ch (10),4.6,22,ÄIÃŠN THOáº I BÃ€N DÃ™NG SIM Táº¤T Cáº¢ CÃC Máº NG HUAWEI 3125i,â‚«550.000,1 Sao (0),2 Sao (0),3 Sao (1),4 Sao (1),5 Sao (5),CÃ³ BÃ¬nh luáº­n (3),CÃ³ hÃ¬nh áº£nh / video (3),4 nÄƒm trÆ°á»›c,26,25,60,hoaian0507,79%,trong vÃ i giá»
Äiá»‡n thoáº¡i bÃ n,5.0,ÄÃ£ thÃ­ch (1),5.0,8,Há»™p chá»‘ng sÃ©t Ä‘iá»‡n thoáº¡i bÃ n 1 ra 2 Line,,,,,,,,,,,,,,,
Äiá»‡n thoáº¡i bÃ n,5.0,,5.0,2,Bá»™ 2 Quáº¡t Táº£n Nhiá»‡t 95mm Fdc10U12S9-C Cf1010U12S Cho Xfx Radeon Rx580 Rx590,,,,,,,,,17 thÃ¡ng trÆ°á»›c,"4,4k","3,8k","3,3k",mojito1.vn,90%,trong vÃ i giá»
Äiá»‡n thoáº¡i bÃ n,5.0,ÄÃ£ thÃ­ch (3),5.0,4,"mÃ¡y KTS Magic PMU,mÃ¡y phun xÄƒm ká»¹ thuáº­t sá»‘",,,,,,,,,,,,,,,
Äiá»‡n thoáº¡i bÃ n,5.0,ÄÃ£ thÃ­ch (23),5.0,9,BÃ¡nh Kem Mini (2 cÃ¡i) - CAK0003 - Phá»¥ kiá»‡n Trang trÃ­ Ä‘iá»‡n thoáº¡i,â‚«20.000,,,,,,,,5 nÄƒm trÆ°á»›c,"2,5k",247,"2,2k",phukiendiy,76%,trong vÃ i giá»
Äiá»‡n thoáº¡i bÃ n,5.0,ÄÃ£ thÃ­ch (4),5.0,4,FLR0089 - Hoa há»“ng Ä‘Ã¡ - Phá»¥ kiá»‡n Trang trÃ­ Äiá»‡n thoáº¡i,,,,,,,,,,,,,,,
Äiá»‡n thoáº¡i bÃ n,,,,,,,,,,,,,,,,,,,,
Äiá»‡n thoáº¡i bÃ n,,,,,,,,,,,,,,,,,,,,
Äiá»‡n thoáº¡i bÃ n,,,,,,,,,,,,,,,,,,,,
Äiá»‡n thoáº¡i bÃ n,,,,,,,,,,,,,,,,,,,,
Äiá»‡n thoáº¡i bÃ n,,,,,,,,,,,,,,,,,,,,
Äiá»‡n thoáº¡i bÃ n,,,,,,,,,,,,,,,,,,,,
Äiá»‡n thoáº¡i bÃ n,,,,,,,,,,,,,,,,,,,,
Äiá»‡n thoáº¡i bÃ n,4.0,ÄÃ£ thÃ­ch (53),4.0,11,[CHÃNH HÃƒNG] Robot hÃºt bá»¥i lau nhÃ  thÃ´ng minh tá»± sáº¡c Pin khá»e Ä‘iá»u khiá»ƒn báº±ng giá»ng nÃ³i,â‚«1.443.000 - â‚«1.820.000,,,,,,,,,,,,,,
Äiá»‡n thoáº¡i bÃ n,,,,1,EMF Meter Kii Ghost Hunting Magnetic Field Detector Paranormal Equipment,,,,,,,,,,,,,,,
Äiá»‡n thoáº¡i bÃ n,4.7,ÄÃ£ thÃ­ch (3),4.7,9,GiÃ¡ hÃºt pitton Ä‘áº·t Ä‘iá»‡n thoáº¡i. 5 chiáº¿c,â‚«6.624,,,,,,,,,,,,,,
Äiá»‡n thoáº¡i bÃ n,,,,1,Thiáº¿t bá»‹ Ä‘o dÃ²ng Ä‘iá»‡n hiá»ƒn thá»‹ mÃ n hÃ¬nh LCD UM24 USB 2.0,â‚«250.000,,,,,,,,17 thÃ¡ng trÆ°á»›c,868,"2,4k",690,lzdjfmy2.vn,99%,trong vÃ i giá»
Äiá»‡n thoáº¡i bÃ n,,,,1,Set 5 Ä‘i á»‘t chá»‰nh lÆ°u Ä‘iá»‡n Ã¡p cao dÃ¹ng cho lÃ² vi sÃ³ng,â‚«19.273,,,,,,,,3 nÄƒm trÆ°á»›c,"2,1k","3,4k","5,8k",runrun3.vn,91%,trong vÃ i giá»
Äiá»‡n thoáº¡i bÃ n,,,,1,Thiáº¿t bá»‹ kiá»ƒm tra USB loáº¡i C 2 chiá»u Kws-1902C,â‚«153.000,,,,,,,,17 thÃ¡ng trÆ°á»›c,379,"2,2k",590,szlinyou3.vn,98%,trong vÃ i giá»
Äiá»‡n thoáº¡i bÃ n,,,,3,BÃºt Thá»­ Äiá»‡n Ãp 6v / 12v / 24v Cho Há»‡ Thá»‘ng Kiá»ƒm Tra ÄÃ¨n Xe Ã” TÃ´,â‚«58.000,,,,,,,,16 thÃ¡ng trÆ°á»›c,61,780,300,kz122.vn,100%,trong vÃ i phÃºt
Äiá»‡n thoáº¡i bÃ n,,,,1,Electric Wattmeter Energy Monitor Large Display Screen Electric Consumption,â‚«175.000 - â‚«177.000,,,,,,,,3 nÄƒm trÆ°á»›c,"1,5k","4,2k",732,homyl2.vn,100%,trong vÃ i giá»
Äiá»‡n thoáº¡i bÃ n,,,,1,Keo táº£n nhiá»‡t CPU chuyÃªn nghiá»‡p MX-4 2g 4g 8g 20g cho mÃ¡y tÃ­nh INTEL,â‚«131.699 - â‚«558.993,,,,,,,,33 thÃ¡ng trÆ°á»›c,"3,7k",5k,"2,7k",starbling.vn,92%,trong vÃ i giá»
Äiá»‡n thoáº¡i bÃ n,,,,1,1 dá»¥ng cá»¥ kiá»ƒm tra Ä‘Ã¨n ná»n LED Ä‘a nÄƒng,â‚«248.000,,,,,,,,17 thÃ¡ng trÆ°á»›c,298,"4,9k",284,lzdjhyke3.vn,71%,trong vÃ i giá»
Äiá»‡n thoáº¡i bÃ n,,,,2,"BÃºt cáº£m á»©ng hai Ä‘áº§u cho Ä‘iá»‡n thoáº¡i/mÃ¡y tÃ­nh báº£ng
",â‚«22.425,,,,,,,,3 nÄƒm trÆ°á»›c,"1,3k","4,3k",4k,burzahom.vn,42%,trong vÃ i giá»
Äiá»‡n thoáº¡i bÃ n,5.0,ÄÃ£ thÃ­ch (2),5.0,2,BÃ n trá»™n  2/2-Bus 16 kÃªnh QX1222USB-EU,â‚«5.699.000,1 Sao (0),2 Sao (0),3 Sao (0),4 Sao (0),5 Sao (2),CÃ³ BÃ¬nh luáº­n (1),CÃ³ hÃ¬nh áº£nh / video (1),22 thÃ¡ng trÆ°á»›c,44,218,59,audiocenterhn,30%,trong vÃ i giá»
Äiá»‡n thoáº¡i bÃ n,5.0,ÄÃ£ thÃ­ch (24),5.0,2,Huawei ETS3023+ â¤ï¸ MÃ¡y Äiá»‡n Thoáº¡i BÃ n GPhone VNPT DÃ¹ng Sim Gphone STK VNPT,â‚«469.000,,,,,,,,20 thÃ¡ng trÆ°á»›c,"1,1k",166,254,vin_box,97%,trong vÃ i giá»
Äiá»‡n thoáº¡i bÃ n,1.0,,1.0,3,ChÃ­p Sharp MX237AT-AR 6020/6023/6036/6030/6131,â‚«55.000,1 Sao (1),2 Sao (0),3 Sao (0),4 Sao (0),5 Sao (0),CÃ³ BÃ¬nh luáº­n (1),CÃ³ hÃ¬nh áº£nh / video (1),32 thÃ¡ng trÆ°á»›c,412,661,"1,6k",linhkienmayvanphong1984,77%,trong vÃ i giá»
Äiá»‡n thoáº¡i bÃ n,5.0,ÄÃ£ thÃ­ch (1),5.0,2,Robot hÃºt bá»¥i lau nhÃ  T5 Max phiÃªn báº£n 2021 Ecovacs Deebot T5 Max 2021.,â‚«7.300.000 - â‚«8.500.000,1 Sao (0),2 Sao (0),3 Sao (0),4 Sao (0),5 Sao (2),CÃ³ BÃ¬nh luáº­n (1),CÃ³ hÃ¬nh áº£nh / video (1),3 nÄƒm trÆ°á»›c,"4,4k",391,"1,3k",bpdigital8888,78%,trong vÃ i giá»
Äiá»‡n thoáº¡i bÃ n,4.0,ÄÃ£ thÃ­ch (3),4.0,4,CÃ¡p MHL trÃ¬nh chiáº¿u Ä‘iá»‡n thoáº¡i lÃªn TV,â‚«170.000,,,,,,,,6 nÄƒm trÆ°á»›c,576,167,653,olashopvn,98%,trong vÃ i giá»
Äiá»‡n thoáº¡i bÃ n,4.0,ÄÃ£ thÃ­ch (9),4.0,4,"Robot HÃºt Bá»¥i Lau NhÃ  ThÃ´ng Minh ES350 PLUS Cao Cáº¥p 3 Trong 1, Äiá»u khiá»ƒn qua APP, Cáº£m Biáº¿n Cháº¡m, Chá»‘ng Va Cháº¡m",â‚«900.000,1 Sao (0),2 Sao (1),3 Sao (0),4 Sao (0),5 Sao (2),CÃ³ BÃ¬nh luáº­n (2),CÃ³ hÃ¬nh áº£nh / video (0),4 nÄƒm trÆ°á»›c,"14,7k",292,"25,5k",ontekco_audio_store,93%,trong vÃ i giá»
Äiá»‡n thoáº¡i bÃ n,5.0,ÄÃ£ thÃ­ch (453),5.0,270,Äiá»‡n Thoáº¡i BÃ n PhÃ­m Tiá»‡n Lá»£i Itel Value100 Äáº­p ÄÃ¡ GiÃ¡ Ráº»  - OHNO Viá»‡t Nam,â‚«379.000,,,,,,,,32 thÃ¡ng trÆ°á»›c,"5,8k",173,582,ohnovn,57%,trong vÃ i ngÃ y
Äiá»‡n thoáº¡i bÃ n,,ÄÃ£ thÃ­ch (101),,18,Fami 12 Ä‘iá»‡n thoáº¡i cho ngÆ°á»i giÃ ,â‚«349.900,,,,,,,,31 thÃ¡ng trÆ°á»›c,95,22,6,tuyensimobile,6%,trong vÃ i giá»
Äiá»‡n thoáº¡i bÃ n,,,,0.0,"Thiáº¿t bá»‹ bÃ¡o Ä‘á»™ng ná»“ng Ä‘á»™ CO Ä‘á»™ nháº¡y cao cho nhÃ  á»Ÿ
",â‚«281.000,,,,,,,,,,,,,,
Äiá»‡n thoáº¡i bÃ n,,,,0.0,MÃ¡y in Ä‘a nÄƒng khÃ´ng fax Brother DCP-T310,â‚«4.080.000,,,,,,,,,,,,,,
Äiá»‡n thoáº¡i bÃ n,,,,0.0,LÃ´ Ã©p mÃ¡y photo Canon iR2002/ iR2202,â‚«200.000,,,,,,,,5 nÄƒm trÆ°á»›c,55,110,25,thanhtrungpc,43%,trong vÃ i giá»
Äiá»‡n thoáº¡i bÃ n,,,,0.0,"MÃ¡y cÃ¢n báº±ng laser VOOTO- MÃ¡y laser 5 tia Laser, mÃ¡y báº¯n cá»‘t 80m",,,,,,,,,,,,,,,
Äiá»‡n thoáº¡i bÃ n,,,,0.0,"MÃ¡y Laser 5 tia xanh nÃºt cáº£m á»©ng, mÃ¡y cÃ¢n báº±ng Gt5148",,,,,,,,,20 thÃ¡ng trÆ°á»›c,35,88,31,gd.vietnam,48%,trong vÃ i giá»
Äiá»‡n thoáº¡i bÃ n,,,,0.0,Äiá»‡n thoáº¡i bÃ n Moimstone IP255 Pass láº¡i 250k,â‚«250.000,,,,,,,,32 thÃ¡ng trÆ°á»›c,18,28,8,buibichngocth,21%,trong vÃ i phÃºt
Äiá»‡n thoáº¡i bÃ n,,ÄÃ£ thÃ­ch (1),,0.0,MÃ¡y Äiá»‡n Thoáº¡i Goly 209,â‚«450.000,,,,,,,,4 nÄƒm trÆ°á»›c,47,237,34,phukiendienthoai_maytinhbang,4%,trong vÃ i giá»
Äiá»‡n thoáº¡i bÃ n,,,,0.0,"MÃ¡y Fax brother FAX-2840 (Fax, In,Photocopy)",â‚«4.449.000,,,,,,,,4 nÄƒm trÆ°á»›c,419,547,"1,3k",nhatphongcompany,59%,trong vÃ i giá»
Äiá»‡n thoáº¡i bÃ n,,,,0.0,ÄIá»†N THOáº I BÃ‰ XÃU KECHAODA K115,â‚«420.000,,,,,,,,4 nÄƒm trÆ°á»›c,0,4,0,thanhluancth01,57%,trong vÃ i giá»
Äiá»‡n thoáº¡i bÃ n,,ÄÃ£ thÃ­ch (1),,0.0,MÃ¡y in Brother FAX-2840,â‚«4.490.000,,,,,,,,25 thÃ¡ng trÆ°á»›c,20,513,10,congtyhungminh,8%,trong vÃ i giá»
Äiá»‡n thoáº¡i bÃ n,,,,0.0,Äá»©ng lÆ°á»i biáº¿ng Ä‘a chá»©c nÄƒng mÃ¡y tÃ­nh Ä‘á»ƒ bÃ n Ä‘iá»‡n thoáº¡i di Ä‘á»™ng phá»• thÃ´ng,â‚«133.199 - â‚«188.787,,,,,,,,9 thÃ¡ng trÆ°á»›c,11,164,2,r_rai3qtsd,69%,trong vÃ i giá»
Äiá»‡n thoáº¡i bÃ n,,,,0.0,"Cáº®T PLASMA, MÃY CUT PLASMA KOBE CUT-100 - ChÃ­nh HÃ£ng 100% CAM Káº¾T CHáº¤T LÆ¯á»¢NG VÃ€ UY TÃN Báº¢O HÃ€NH Táº I HÃƒNG",â‚«18.459.000,,,,,,,,4 nÄƒm trÆ°á»›c,4,51,0,venki_shop,5%,trong vÃ i giá»
Äiá»‡n thoáº¡i bÃ n,,,,0.0,Äiá»‡n thoáº¡i bÃ n IP Yealink SIP-T55A MS Skype for Business,â‚«4.568.400,,,,,,,,10 thÃ¡ng trÆ°á»›c,182,307,18,duhunggroups2021,64%,trong vÃ i giá»
Äiá»‡n thoáº¡i bÃ n,,,,0.0,MÃY QUÃ‰T LASER TCVN-G3D,â‚«12.379.000,,,,,,,,35 thÃ¡ng trÆ°á»›c,57,225,9,yi_yichan,65%,trong vÃ i phÃºt
Äiá»‡n thoáº¡i bÃ n,,,,0.0,ChÃ­nh HÃ£ng MÃ¡y Laser Canzy Korea,â‚«23.200.000,,,,,,,,7 thÃ¡ng trÆ°á»›c,252,262,14,nguyenlieuspahdt,18%,trong vÃ i giá»
Äiá»‡n thoáº¡i bÃ n,,,,0.0,DÃ¢y Ä‘iá»‡n CV 10,â‚«24.420,,,,,,,,12 thÃ¡ng trÆ°á»›c,2,10,0,dangthinhphatco,9%,trong vÃ i giá»
Äiá»‡n thoáº¡i bÃ n,,,,0.0,Portable Wood Moisture Meter Water Leak Detector for Building Material,â‚«191.000,,,,,,,,17 thÃ¡ng trÆ°á»›c,204,"3,7k",318,lzdjlmy1.vn,100%,trong vÃ i giá»
Äiá»‡n thoáº¡i bÃ n,,,,0.0,Digital Level Angle Gauge Backlit LCD for Masonry,â‚«239.000 - â‚«246.000,,,,,,,,17 thÃ¡ng trÆ°á»›c,622,"3,5k",524,lzdxwcke3.vn,98%,trong vÃ i giá»
Äiá»‡n thoáº¡i bÃ n,,,,0.0,Digital Level Angle Gauge Backlit LCD for Masonry,â‚«239.000 - â‚«246.000,,,,,,,,17 thÃ¡ng trÆ°á»›c,749,"4,2k","1,1k",lzdjhyke1.vn,100%,trong vÃ i giá»
Äiá»‡n thoáº¡i bÃ n,,,,0.0,"[Tiross- Viá»‡t Nam] ÄÃ¨n bÃ n Tiross TS1813 (8W) (mÃ u Ä‘en, tráº¯ng)",â‚«324.500,,,,,,,,4 ngÃ y trÆ°á»›c,25,991,0,gzk3r5kg7y,57%,trong vÃ i giá»
Äiá»‡n thoáº¡i bÃ n,,,,0.0,Digital Level Angle Gauge Backlit LCD for Masonry,â‚«239.000 - â‚«246.000,,,,,,,,17 thÃ¡ng trÆ°á»›c,204,"3,7k",318,lzdjlmy1.vn,100%,trong vÃ i giá»
Äiá»‡n thoáº¡i bÃ n,,,,0.0,Statfovh.my Writing Touch Screen Pen Stylus for Samsung Galaxy Note 2 II GT N7100 T889 I605,â‚«15.030 - â‚«15.265,,,,,,,,29 thÃ¡ng trÆ°á»›c,82,"1,5k",376,yorkky.vn,34%,trong vÃ i giá»
Äiá»‡n thoáº¡i bÃ n,,,,0.0,CH [READY STOCK]  Pure Copper Plated Graphene Notebook Gaming Laptop Memory Heatsink Cooling Vest Radiator RAM Memory Cooler Heat Sink DDR4 ECC,â‚«29.447 - â‚«33.874,,,,,,,,17 thÃ¡ng trÆ°á»›c,271,"1,6k",649,cherishnn.vn,3%,trong vÃ i giá»
Äiá»‡n thoáº¡i bÃ n,,,,0.0,ThÆ°á»›c Äo Äá»™ NghiÃªng MÃ n HÃ¬nh LCD Ká»¹ Thuáº­t Sá»‘,â‚«168.000 - â‚«173.000,,,,,,,,6 thÃ¡ng trÆ°á»›c,3,252,15,lzdjfmy2sl.vn,57%,trong vÃ i giá»
Äiá»‡n thoáº¡i bÃ n,,,,0.0,â¤~ 1Set RAM Heatsink Radiator Cooler Cooling Heat Sink for Desktop Memory DDR2 DDR3 DDR4 Heat Dissipation Pad,â‚«59.291,,,,,,,,20 thÃ¡ng trÆ°á»›c,"1,5k",2k,"2,9k",seventyone.vn,96%,trong vÃ i giá»
Äiá»‡n thoáº¡i bÃ n,,,,0.0,Macospice Binaural Headset Aluminum Shell Business with Noise Canceling Mic and Audio Control,â‚«238.000,,,,,,,,16 thÃ¡ng trÆ°á»›c,301,"1,4k",316,macospice.vn,99%,trong vÃ i giá»
Äiá»‡n thoáº¡i bÃ n,,,,0.0,"Äiá»‡n Thoáº¡i BÃ n KhÃ´ng DÃ¢y Láº¯p Sim Huawei F316 Gáº¯n CÃ¡c Loáº¡i Sim: VinaPhone, Viettel, Mobifone, Gphone, HomePhone Huawei",â‚«365.000,,,,,,,,12 thÃ¡ng trÆ°á»›c,290,113,407,one_mac,89%,trong vÃ i giá»
Äiá»‡n thoáº¡i bÃ n,,,,0.0,blg 6F22 9V Battery Eliminator Replace 9-Volt Batteries By USB/Type C Power Supply,â‚«56.282,,,,,,,,7 thÃ¡ng trÆ°á»›c,782,"3,1k","1,4k",blgesvv.vn,63%,trong vÃ i giá»
Äiá»‡n thoáº¡i bÃ n,,,,0.0,Black RJ9 Telephone Phone em Coil Cable & 3.5mm Male Jack to RJ9 4P4C Female Adapter Converter Extension Cable,â‚«40.000,,,,,,,,8 thÃ¡ng trÆ°á»›c,28,994,17,hsckumhvhvwiy.vn,40%,trong vÃ i giá»
Äiá»‡n thoáº¡i bÃ n,,,,0.0,Äiá»‡n Thoáº¡i BÃ n Láº¯p Sim GPhone STK Cá»§a VNPT Huawei ETS 3023+,â‚«355.000,,,,,,,,12 thÃ¡ng trÆ°á»›c,290,113,407,one_mac,89%,trong vÃ i giá»
Äiá»‡n thoáº¡i bÃ n,,,,0.0,Sinhopsa Binaural Headset Aluminum Shell Business with Noise Canceling Mic and Audio Control,â‚«238.000,,,,,,,,31 thÃ¡ng trÆ°á»›c,"1,1k","1,6k","1,3k",sinhopsa.vn,95%,trong vÃ i giá»
Äiá»‡n thoáº¡i bÃ n,,,,0.0,[HCM] Äiá»‡n thoáº¡i bÃ n 2909 AT&T cá»§a Má»¹ khÃ´ng sá»­ dá»¥ng mÃ n hÃ¬nh,â‚«350.000,,,,,,,,4 nÄƒm trÆ°á»›c,266,436,409,muanhanhhang,75%,trong vÃ i giá»
Äiá»‡n thoáº¡i bÃ n,,,,0.0,Bá»™ Ä‘áº§u block dÃ²ng MÃ¡y XÃºc Hitachi - 12V,â‚«604.000,,,,,,,,4 nÄƒm trÆ°á»›c,"2,9k","1,6k",469,acvisa123,58%,trong vÃ i giá»
Äiá»‡n thoáº¡i bÃ n,,,,0.0,"âœ”ï¸ MÃ¡y Äiá»‡n Thoáº¡i BÃ n Láº¯p 2 Sim - CÃ³ Tiáº¿ng Viá»‡t  ETS 6588 Láº¯p Má»i Loáº¡i Sim Di Äá»™ng, Gphone, HomePhone",â‚«579.000,,,,,,,,12 thÃ¡ng trÆ°á»›c,53,158,182,oneteck,97%,trong vÃ i giá»
Äiá»‡n thoáº¡i bÃ n,,ÄÃ£ thÃ­ch (2),,0.0,máº·t náº¡ phÃ²ng Ä‘á»™c chuyÃªn dá»¥ng MV - 5BHcho má»i ngÆ°á»i dÃ¢n cá»§a bá»™ quá»‘c ng vn do nhÃ  mÃ¡y x61 sáº£n xuáº¥t,â‚«2.190.000,,,,,,,,33 thÃ¡ng trÆ°á»›c,1,16,0,giavip,57%,trong vÃ i giá»
Äiá»‡n thoáº¡i bÃ n,,ÄÃ£ thÃ­ch (1),,0.0,Tháº» tá»« thang mÃ¡y dÃ¡n Ä‘iá»‡n thoáº¡i sao chÃ©p nhiá»u láº§n,â‚«30.000,,,,,,,,5 nÄƒm trÆ°á»›c,10,10,0,nguyentoan12345,57%,trong vÃ i giá»
Äiá»‡n thoáº¡i bÃ n,,,,0.0,"Náº¯p Luá»“n DÃ¢y Äiá»‡n VuÃ´ng [80x80x28mm] - Náº¯p Luá»“n DÃ¢y Äiá»‡n VuÃ´ng giá»¯ dÃ¢y Ä‘iá»‡n, kÃ©o dÃ¢y Ä‘iá»‡n dá»… dÃ ng",â‚«50.000,,,,,,,,11 thÃ¡ng trÆ°á»›c,6,570,3,noithat40,57%,trong vÃ i giá»
Äiá»‡n thoáº¡i bÃ n,,,,0.0,Äiá»‡n thoáº¡i Sharp Sh-07A mÃ u Ä‘á»,â‚«600.000,,,,,,,,5 nÄƒm trÆ°á»›c,960,2k,658,haivan87,50%,trong vÃ i giá»
Äiá»‡n thoáº¡i bÃ n,,,,0.0,"BÃ¬nh Xá»‹t HANDBOSS Ä‘a nÄƒng cho mÃ¡y tÃ­nh, Tv , laptop , Ä‘iá»‡n thoáº¡i,",â‚«43.000,,,,,,,,13 thÃ¡ng trÆ°á»›c,"6,5k","1,6k",30,phukien_giasi,13%,trong vÃ i giá»
Äiá»‡n thoáº¡i bÃ n,,,,0.0,DÃ¢y CÃ¡p CÃ¡ch Äiá»‡n ChuyÃªn Dá»¥ng Cháº¥t LÆ°á»£ng Cao,â‚«65.000,,,,,,,,10 thÃ¡ng trÆ°á»›c,0,124,0,soloelectric.vn,57%,trong vÃ i giá»
Äiá»‡n thoáº¡i bÃ n,,,,0.0,BÃ n xoay BÃ¡nh Kem,â‚«305.000,,,,,,,,3 nÄƒm trÆ°á»›c,29,36,68,ngoctit123456789,40%,trong vÃ i phÃºt
Äiá»‡n thoáº¡i bÃ n,,,,0.0,MÃ¡y quÃ©t Honeywell 1902 má»›i 90%,â‚«3.500.000,,,,,,,,5 nÄƒm trÆ°á»›c,6,18,1,ltanh1508,56%,trong vÃ i phÃºt
Äiá»‡n thoáº¡i bÃ n,,ÄÃ£ thÃ­ch (1),,0.0,BÃ€N PATIO 01-BÃ€N  CAFE-NHÃ€ HÃ€NG,â‚«456.000,,,,,,,,8 thÃ¡ng trÆ°á»›c,119,843,21,noithatbarcafe90,88%,trong vÃ i giá»
Äiá»‡n thoáº¡i bÃ n,,,,0.0,bÃ n Sopa phÃ²ng khÃ¡ch giÃ¡ ráº» .,â‚«780.000,,,,,,,,34 thÃ¡ng trÆ°á»›c,593,800,0,noithatxuanquan1983,52%,trong vÃ i giá»
Äiá»‡n thoáº¡i bÃ n,,,,0.0,âœºâœ§MÃ¡y sáº¥y tÃ³c bÃºa home size power Blu-ray hair care net red mÃ¡y sáº¥y tÃ³c di Ä‘á»™ng nÃ³ng láº¡nh kÃ½ tÃºc xÃ¡ sinh viÃªn,â‚«265.000 - â‚«326.000,,,,,,,,7 thÃ¡ng trÆ°á»›c,38,404,1,cof01dg82z,48%,trong vÃ i giá»
Äiá»‡n thoáº¡i bÃ n,,,,0.0,[MÃ£ 11ELSALE hoÃ n 7% Ä‘Æ¡n 300K] FILM Sáº¤Y MÃY PHOTO XEROX DC V 2060/3060/3065/2260/2263 - AALO.VN,â‚«1.100.000,,,,,,,,5 nÄƒm trÆ°á»›c,6k,"2,8k",741,0987.9999.47,69%,trong vÃ i giá»
Äiá»‡n thoáº¡i bÃ n,,,,0.0,BÃ“NG Sáº¤Y MÃY PHOTO XEROX DC 236/286/ DC IV 2060/3060/3065/5225/5325/5330/5335 (220V) - AALO.VN,â‚«600.000,,,,,,,,5 nÄƒm trÆ°á»›c,6k,"2,8k",741,0987.9999.47,69%,trong vÃ i giá»
Äiá»‡n thoáº¡i bÃ n,,,,0.0,ÄIá»†N THOáº I MASSEL,â‚«350.000,,,,,,,,15 thÃ¡ng trÆ°á»›c,1,1,0,kietdz2229,57%,trong vÃ i giá»
Äiá»‡n thoáº¡i bÃ n,,,,0.0,Khung xÆ°Æ¡ng thay tháº¿ cho Samsung J4 2018/J400 ÄEN,â‚«53.000,,,,,,,,12 thÃ¡ng trÆ°á»›c,"12,6k","2,8k",144,linhkiendienthoailc,72%,trong vÃ i giá»
Äiá»‡n thoáº¡i bÃ n,,,,0.0,Main Äiá»‡n Thoáº¡i Huawei Y6/2018 HÃ ng ZIN,â‚«480.000,,,,,,,,4 nÄƒm trÆ°á»›c,178,395,212,vudinhdoan123,51%,trong vÃ i giá»
Äiá»‡n thoáº¡i bÃ n,,,,0.0,Bo Máº¡ch Sáº¡c Xiaomi MI 8 SE,â‚«150.000,,,,,,,,4 nÄƒm trÆ°á»›c,178,395,212,vudinhdoan123,51%,trong vÃ i giá»
Äiá»‡n thoáº¡i bÃ n,,,,0.0,Loa NgoÃ i Loa ChuÃ´ng Vivo Y91C Zin hÃ ng cÃ´ng ty,â‚«99.000,,,,,,,,4 nÄƒm trÆ°á»›c,178,395,212,vudinhdoan123,51%,trong vÃ i giá»
Äiá»‡n thoáº¡i bÃ n,,,,0.0,Bá»™t Tá»« MÃ¡y Photo Xerox DC V 2060/3066,â‚«450.000,,,,,,,,5 nÄƒm trÆ°á»›c,43,95,63,xerox.vn,46%,trong vÃ i giá»
Äiá»‡n thoáº¡i bÃ n,,,,0.0,Bá»™ Sáº¡c Nhanh Kim CÆ°Æ¡ng 812 Liá»n DÃ¢y - PhuKienStore,â‚«30.000,,,,,,,,4 nÄƒm trÆ°á»›c,178,395,212,vudinhdoan123,51%,trong vÃ i giá»
Äiá»‡n thoáº¡i bÃ n,,,,0.0,Äiá»‡n thoáº¡i Sharp SH-04A mÃ u Ä‘en,â‚«900.000,,,,,,,,5 nÄƒm trÆ°á»›c,960,2k,658,haivan87,50%,trong vÃ i giá»
Äiá»‡n thoáº¡i bÃ n,,,,0.0,MÃ¡y giáº£m bÃ©o RF 6 in 1 KM-601 ( GÃ­a tá»‘t ),â‚«24.998.000,,,,,,,,16 thÃ¡ng trÆ°á»›c,45,299,79,thietbilamdep2000,34%,trong vÃ i giá»
Äiá»‡n thoáº¡i bÃ n,,,,0.0,"(GIÃ Sá»ˆ )  Ká»‡ mini dÃ¡n tÆ°á»ng Ä‘á»ƒ Ä‘iá»‡n thoáº¡i, Ä‘á»“ tiá»‡n Ã­ch, Ä‘iá»u khiá»ƒn, Ä‘iá»‡n thoáº¡i, Ä‘á»ƒ Ä‘á»“ cÃ¡ nhÃ¢n tiá»‡n lá»£i.acan",â‚«7.900,,,,,,,,13 thÃ¡ng trÆ°á»›c,17,277,8,giadungtienich00,57%,trong vÃ i giá»
Äiá»‡n thoáº¡i bÃ n,,,,0.0,Äiá»‡n Thoáº¡i BÃ n Kx-T620L,â‚«679.500,,,,,,,,10 thÃ¡ng trÆ°á»›c,0,948,0,sjsolo.vn,57%,trong vÃ i giá»
Äiá»‡n thoáº¡i bÃ n,,,,0.0,Äiá»‡n Thoáº¡i BÃ n Kx-T968,â‚«655.900,,,,,,,,10 thÃ¡ng trÆ°á»›c,0,948,0,sjsolo.vn,57%,trong vÃ i giá»
Äiá»‡n thoáº¡i bÃ n,,,,0.0,[MÃ£ 11ELSALE hoÃ n 7% Ä‘Æ¡n 300K] MÃY IN LASER ÄEN TRáº®NG ÄA CHá»¨C NÄ‚NG RICOHH SP200S ÄÃƒ QUA Sá»¬ Dá»¤NG - AALO.VN,â‚«1.799.000,,,,,,,,5 nÄƒm trÆ°á»›c,6k,"2,8k",741,0987.9999.47,69%,trong vÃ i giá»
Äiá»‡n thoáº¡i bÃ n,,,,0.0,BÃ€N CHáº¢ ÄIá»†N CHO BÃ‰,â‚«58.000,,,,,,,,25 thÃ¡ng trÆ°á»›c,10,47,14,leminhquan1462013,28%,trong vÃ i phÃºt
Äiá»‡n thoáº¡i bÃ n,,,,0.0,â’â˜âœ¾MÃ¡y sáº¥y tÃ³c LFCare gia Ä‘Ã¬nh kÃ½ tÃºc xÃ¡ sinh viÃªn cÃ´ng suáº¥t lá»›n vÃ  nhá» Ä‘iá»‡n ion Ã¢m nÃ³ng láº¡nh mÃ¡y sáº¥y tÃ³c phong cÃ¡ch ná»¯,â‚«238.000 - â‚«306.000,,,,,,,,7 thÃ¡ng trÆ°á»›c,59,520,4,etan62s88k,69%,trong vÃ i giá»
Äiá»‡n thoáº¡i bÃ n,,,,0.0,10 CÃ¢y chá»t sim tiá»‡n lá»£i,â‚«15.000,,,,,,,,17 thÃ¡ng trÆ°á»›c,216,267,276,minhtuan.6688,31%,trong vÃ i giá»
Äiá»‡n thoáº¡i bÃ n,,,,0.0,Loa NgoÃ i/Loa ChuÃ´ng Äiá»‡n Thoáº¡i OPPO F1S HÃ€NG CÃ”NG TY,â‚«90.000,,,,,,,,4 nÄƒm trÆ°á»›c,178,395,212,vudinhdoan123,51%,trong vÃ i giá»
Äiá»‡n thoáº¡i bÃ n,,,,0.0,. MÃY CUT PLASMA KOBE CUT-70 - HÃ ng ChÃ­nh HÃ£ng 100%,â‚«13.372.500,,,,,,,,12 thÃ¡ng trÆ°á»›c,466,178,243,tongkhomayhan.vn,74%,trong vÃ i giá»
Äiá»‡n thoáº¡i bÃ n,,,,0.0,"Äá»“ng há»“ Ä‘o váº¡n nÄƒng vá»›i Ä‘á»™ chÃ­nh xÃ¡c cao
",â‚«181.000 - â‚«207.000,,,,,,,,10 thÃ¡ng trÆ°á»›c,32,730,41,wishshopeelq.vn,100%,trong vÃ i phÃºt
Äiá»‡n thoáº¡i bÃ n,,,,0.0,"ThÆ°á»›c Ä‘o ká»¹ thuáº­t sá»‘ mini cho mÃ¡y khoan gá»—
",â‚«168.000 - â‚«173.000,,,,,,,,17 thÃ¡ng trÆ°á»›c,155,"2,7k",297,lzdyqmy3.vn,100%,trong vÃ i giá»
Äiá»‡n thoáº¡i bÃ n,,,,0.0,[Má»›i 100% - FREESHIP] Láº«y tÃ¡ch sáº¥y mÃ¡y photo Kyocera FS 6525/6530/6020/6025/6030/180/220/221,â‚«478.000,,,,,,,,12 thÃ¡ng trÆ°á»›c,1k,933,120,mvphanoi,85%,trong vÃ i giá»
Äiá»‡n thoáº¡i bÃ n,,,,0.0,Card tÃ´Ì‰ng Ä‘aÌ€i Ä‘iÃªÌ£n thoaÌ£i Panasonic KX-TE82483,â‚«2.270.000,,,,,,,,3 nÄƒm trÆ°á»›c,21,167,3,hoangcao192,50%,trong vÃ i giá»
Äiá»‡n thoáº¡i bÃ n,,,,0.0,ÄIá»†N THOáº I TÃ‚N BÃ€N Cá»” ÄIá»‚N DÃ™NG SIM NHÆ¯ ÄIá»†N THOáº I DI Äá»˜NG SIÃŠU CHáº¤T,â‚«3.100.000,,,,,,,,11 thÃ¡ng trÆ°á»›c,0,9,0,i6sbkfh2fb,57%,trong vÃ i giá»
Äiá»‡n thoáº¡i bÃ n,,,,0.0,MÃ´ Äun Jack Cáº¯m Äiá»‡n Thoáº¡i Panasonic Wej2164,â‚«122.200,,,,,,,,10 thÃ¡ng trÆ°á»›c,0,103,0,anesayangmama123.vn,57%,trong vÃ i giá»
Äiá»‡n thoáº¡i bÃ n,,,,0.0,"Trá»£ giÃ¡'' ++SIÃŠU SALE++Háº¡t rá»‡p ná»‘i dÃ¢y Ä‘iá»‡n thoáº¡i , dÃ¢y máº¡ng lan TINH KHIáº¾T KO Dáº¦U",â‚«39.000,,,,,,,,13 thÃ¡ng trÆ°á»›c,3,131,3,hangsivip,56%,trong vÃ i giá»
Äiá»‡n thoáº¡i bÃ n,,,,0.0,Ä‘Ã´i tuáº§n lá»™c vÃ ng,â‚«1.290.000,,,,,,,,4 nÄƒm trÆ°á»›c,24,128,6,sensbou,4%,trong vÃ i ngÃ y
Äiá»‡n thoáº¡i bÃ n,,,,0.0,"TuÌ›Ì€ maÌy photocopy sharp duÌ€ng cho maÌy AR-5518,5520,5523 ( áº£nh tháº­t )",â‚«500.000,,,,,,,,31 thÃ¡ng trÆ°á»›c,3,10,0,ngocday1010,34%,trong vÃ i giá»
Äiá»‡n thoáº¡i bÃ n,,,,0.0,"Bá»™ Ä‘iá»‡n thoáº¡i bÃ n há»¯u tuyáº¿n Model H2P, hiá»‡u Alcatel- Lucent, Ã¢m thanh HD dáº£i rá»™ng",â‚«700.000,,,,,,,,10 thÃ¡ng trÆ°á»›c,182,307,18,duhunggroups2021,64%,trong vÃ i giá»
Äiá»‡n thoáº¡i bÃ n,,,,0.0,â˜«MÃ¡y sáº¥y tÃ³c sinh viÃªn kÃ½ tÃºc xÃ¡ nhÃ  á»Ÿ kÃ­ch thÆ°á»›c Ä‘áº·c biá»‡t kÃ­ch thÆ°á»›c nhá» ion Ã¢m nhá» khÃ´ng lÃ m tá»•n háº¡i Ä‘áº¿n ngÆ°á»i ná»•i tiáº¿,â‚«258.000 - â‚«289.000,,,,,,,,7 thÃ¡ng trÆ°á»›c,77,593,11,vldx6b2q87,47%,trong vÃ i giá»
Äiá»‡n thoáº¡i bÃ n,,,,0.0,"Robot hÃºt bá»¥i MEDION MD19511, mÃ¡y hÃºt bá»¥i thÃ´ng minh tá»± Ä‘á»™ng nÃ© váº­t cáº£n. [NHáº¬P Äá»¨C]",â‚«3.700.000,,,,,,,,3 nÄƒm trÆ°á»›c,10,260,1,dochoikid,2%,trong vÃ i giá»
Äiá»‡n thoáº¡i bÃ n,,,,0.0,Äiá»‡n thoáº¡i VTU K8 Ä‘Ã¡ Ä‘en báº¡c- 2 sim 2 sÃ³ng,â‚«650.000,,,,,,,,4 nÄƒm trÆ°á»›c,5,27,1,phamle1109,38%,trong vÃ i giá»
Äiá»‡n thoáº¡i bÃ n,,,,0.0,"MÃ¡y dÃ² khÃ­ gas dioxide chuyÃªn dá»¥ng cho nhÃ  báº¿p
",â‚«355.000 - â‚«356.000,,,,,,,,9 thÃ¡ng trÆ°á»›c,450,"4,5k",191,funfun1.vn,100%,trong vÃ i giá»
Äiá»‡n thoáº¡i bÃ n,,,,0.0,mÃ¡y Fax Panasonic kx-fp711,â‚«419.300,,,,,,,,27 thÃ¡ng trÆ°á»›c,"2,1k",513,65,roseboutiquee,63%,trong vÃ i giá»
Äiá»‡n thoáº¡i bÃ n,,,,0.0,. Háº¡t 4 Ä‘iá»‡n thoáº¡i RJ11 (100 chiáº¿c) ..,â‚«43.000,,,,,,,,16 thÃ¡ng trÆ°á»›c,"9,5k","1,7k",229,tongkholinhkienducviet005,83%,trong vÃ i giá»
Äiá»‡n thoáº¡i bÃ n,,,,0.0,BÃ€N GÃ“C PHÃ’NG KHÃCH TÃ‚N Cá»” ÄIá»‚N 2801LP,â‚«12.410.000,,,,,,,,22 thÃ¡ng trÆ°á»›c,44,350,0,tranmy8888,34%,trong vÃ i phÃºt
Äiá»‡n thoáº¡i bÃ n,,,,0.0,"Ká»‡ dÃ¡n tÆ°á»ng Ä‘á»ƒ Ä‘iá»‡n thoáº¡i, remote",â‚«12.000,,,,,,,,4 nÄƒm trÆ°á»›c,43,58,50,remmihouse,22%,trong vÃ i giá»
Äiá»‡n thoáº¡i bÃ n,,,,0.0,MÃ¡y Laser Rukid,â‚«45.600.000,,,,,,,,29 thÃ¡ng trÆ°á»›c,18,68,0,phung.hien_beautyspa.09,45%,trong vÃ i giá»
Äiá»‡n thoáº¡i bÃ n,,,,0.0,FILM Sáº¤Y MÃY PHOTO WORKCENTRE 7425/7428/7435/7525/7530/7535/7545/7556/7830/7835/7845/7855 - AALO.VN,â‚«1.390.000,,,,,,,,5 nÄƒm trÆ°á»›c,6k,"2,8k",741,0987.9999.47,69%,trong vÃ i giá»
Äiá»‡n thoáº¡i bÃ n,,,,0.0,"MÃ¡y tÃ­nh Casio MJ-120DPLUS-BK chÃ­nh hÃ£nh dÃ nh cho vÄƒn phÃ²ng, cá»­a hÃ ng vÃ  shop bÃ¡n hÃ ng",â‚«278.000,,,,,,,,32 thÃ¡ng trÆ°á»›c,"3,7k",261,"2,8k",bitexonline,84%,trong vÃ i giá»
Äiá»‡n thoáº¡i bÃ n,,,,0.0,â…â–ªMÃ¡y sáº¥y tÃ³c gáº¥p mini khÃ´ng khÃ­ nÃ³ng vÃ  láº¡nh táº¡i nhÃ  MÃ¡y sáº¥y tÃ³c du lá»‹ch di Ä‘á»™ng MÃ¡y sáº¥y tÃ³c im láº·ng QuÃ  táº·ng cho khÃ¡ch,â‚«218.000,,,,,,,,7 thÃ¡ng trÆ°á»›c,16,505,0,3kltaz3z6p,50%,trong vÃ i phÃºt
Äiá»‡n thoáº¡i bÃ n,,,,0.0,"Äiá»‡n thoáº¡i Ä‘á»ƒ bÃ n KTEL -504 hiá»‡n sá»‘ + chuÃ´ng lá»›n cho cÃ´ng ty, hotel",â‚«385.000,,,,,,,,15 thÃ¡ng trÆ°á»›c,188,238,23,kn.0311,87%,trong vÃ i giá»
Äiá»‡n thoáº¡i bÃ n,,,,0.0,[MÃ£ 11ELSALE hoÃ n 7% Ä‘Æ¡n 300K] MÃY IN ÄA CHá»¨C NÄ‚NG CANON L160 COPY FAX IN VÃ€ SAO CHÃ‰P - AALO.VN,â‚«1.890.000,,,,,,,,4 nÄƒm trÆ°á»›c,"13,7k","1,7k",613,aalo.vn,62%,trong vÃ i giá»
Äiá»‡n thoáº¡i bÃ n,,,,0.0,MÃY IN GIÃ Tá»T) MÃY IN ÄA CHá»¨C NÄ‚NG CANON L160 COPY FAX IN VÃ€ SAO CHÃ‰P,â‚«1.890.000,,,,,,,,23 thÃ¡ng trÆ°á»›c,"5,7k","1,2k",135,lk_laptop_gia_re_0815309336,33%,trong vÃ i giá»
Äiá»‡n thoáº¡i bÃ n,,,,0.0,mÃ¡y báº¯n cá»‘t laser,â‚«650.000,,,,,,,,17 thÃ¡ng trÆ°á»›c,9,204,13,badainguyen1996,37%,trong vÃ i phÃºt
Äiá»‡n thoáº¡i bÃ n,,,,0.0,Trang trÃ­ em bÃ© Ä‘á»©ng vá»‹t vÃ ng,â‚«9.000,,,,,,,,25 thÃ¡ng trÆ°á»›c,441,911,255,bepmay2019,34%,trong vÃ i giá»
Äiá»‡n thoáº¡i bÃ n,,,,0.0,MÃ¡y massage GL-1300,â‚«505.000,,,,,,,,4 nÄƒm trÆ°á»›c,29,37,40,hoangdung070982,22%,trong vÃ i giá»
Äiá»‡n thoáº¡i bÃ n,,,,0.0,"MÃ¡y cÃ¢n báº±ng laser VOOTO- MÃ¡y laser 5 tia Laser, mÃ¡y báº¯n cá»‘t 80m",â‚«995.000,,,,,,,,4 nÄƒm trÆ°á»›c,"3,3k",515,"2,8k",trung_bbk_123,33%,trong vÃ i giá»
Äiá»‡n thoáº¡i bÃ n,,,,0.0,Ká»‡ Ä‘iá»‡n thoáº¡i Ä‘á»ƒ bÃ n hÃºt chÃ¢n khÃ´ng -,â‚«29.000,,,,,,,,33 thÃ¡ng trÆ°á»›c,24,"1,1k",59,chaunoiloan,55%,trong vÃ i giá»
Äiá»‡n thoáº¡i bÃ n,,,,0.0,ÄIá»†N THOáº I X2-00,â‚«299.000,,,,,,,,22 thÃ¡ng trÆ°á»›c,316,36,0,anhtuanbinhphuoc,57%,trong vÃ i giá»
Äiá»‡n thoáº¡i bÃ n,,,,0.0,MÃ¡y dÃ² hÃ ng giáº¥u trong ngÆ°á»i Rftester,â‚«2.305.100,,,,,,,,22 thÃ¡ng trÆ°á»›c,47,488,146,vinashop1688,65%,trong vÃ i giá»
Äiá»‡n thoáº¡i bÃ n,,,,0.0,[MÃ£ 11ELSALE hoÃ n 7% Ä‘Æ¡n 300K] Trá»‘ng mÃ¡y photo Sharp MX-M364N / 365N / 464N / 465N / 564N,â‚«669.000,,,,,,,,4 nÄƒm trÆ°á»›c,440,947,"1,9k",tbvpnhatphong,55%,trong vÃ i giá»
Äiá»‡n thoáº¡i bÃ n,,,,0.0,MÃ¡y in Ä‘a nÄƒng khÃ´ng fax Brother DCP-T710W,â‚«5.890.000,,,,,,,,25 thÃ¡ng trÆ°á»›c,20,513,10,congtyhungminh,8%,trong vÃ i giá»
Äiá»‡n thoáº¡i bÃ n,,,,0.0,Drum cho mÃ¡y HL-20xx/ DCP-7010/ MFC-7220/ 7420/ 7820N/ FAX-2820/ 2920 -cÃ´ng suáº¥t 12.000 trang,â‚«22.000.000,,,,,,,,25 thÃ¡ng trÆ°á»›c,20,513,10,congtyhungminh,8%,trong vÃ i giá»
Äiá»‡n thoáº¡i bÃ n,,,,0.0,BÃ€N TIáº¾P KHÃCH - DÃ€I 1M,â‚«1.600.000,,,,,,,,18 thÃ¡ng trÆ°á»›c,116,506,40,tugiaygiaxuong,57%,trong vÃ i giá»
Äiá»‡n thoáº¡i bÃ n,,,,0.0,Äiá»‡n thoáº¡i IP Yealink SIP-T42S cháº¥t lÆ°á»£ng Ã¢m thanh HD,â‚«3.322.800,,,,,,,,10 thÃ¡ng trÆ°á»›c,182,307,18,duhunggroups2021,64%,trong vÃ i giá»
Äiá»‡n thoáº¡i bÃ n,,,,0.0,Nháº«n Ä‘iá»‡n thoáº¡i gáº¥p gá»n chá»‘ng trá»™m cáº¯p giáº­t Ä‘iá»‡n thoáº¡i...gh..hk,â‚«44.700,,,,,,,,15 thÃ¡ng trÆ°á»›c,14,469,58,sevenstore77,6%,trong vÃ i giá»
Äiá»‡n thoáº¡i bÃ n,,,,0.0,Rulo LÃ´ Ã‰p MÃ¡y Photocopy Canon IR-2202 IR-2002 IR-2016 IR-2318,â‚«480.000,,,,,,,,4 nÄƒm trÆ°á»›c,137,592,756,lansharp,21%,trong vÃ i giá»
Äiá»‡n thoáº¡i bÃ n,,,,,,,,,,,,,,,,,,,,
Äiá»‡n thoáº¡i bÃ n,,,,,,,,,,,,,,,,,,,,
Äiá»‡n thoáº¡i bÃ n,,,,,,,,,,,,,,,,,,,,
Äiá»‡n thoáº¡i bÃ n,,,,0.0,Ká»‡ Ä‘iá»‡n thoáº¡i tÃ¡o khuyáº¿t,,,,,,,,,3 nÄƒm trÆ°á»›c,7,31,0,phukiendiphuot,57%,trong vÃ i giá»
Äiá»‡n thoáº¡i bÃ n,,,,0.0,Äiá»‡n Thoáº¡i Phá»• ThÃ´ng GiÃ¡ Ráº» BAVAPEN Pluzz P521 Äiá»‡n Thoáº¡i Äáº­p ÄÃ¡ Cho NgÆ°á»i GiÃ  - OHNO Viá»‡t Nam,â‚«499.000,,,,,,,,5 nÄƒm trÆ°á»›c,"1,7k",289,367,mapalan,57%,trong vÃ i ngÃ y
Äiá»‡n thoáº¡i bÃ n,,ÄÃ£ thÃ­ch (2),,0.0,Äiá»‡n Thoáº¡i BÃ n Panasonic TS500,â‚«250.000,,,,,,,,3 nÄƒm trÆ°á»›c,3,4,0,0923839039a,57%,trong vÃ i giá»
Äiá»‡n thoáº¡i bÃ n,,,,0.0,Äiá»‡n thoáº¡i bÃ n Uniden AS-7413,â‚«279.999,,,,,,,,33 thÃ¡ng trÆ°á»›c,16,75,80,shophoanglong.vn,57%,trong vÃ i giá»
Äiá»‡n thoáº¡i bÃ n,,,,0.0,Äiá»‡n thoáº¡i bÃ n Telephone AEQ96754,â‚«215.000,,,,,,,,32 thÃ¡ng trÆ°á»›c,499,4k,"1,8k",phukiennguyenha86,94%,trong vÃ i giá»
Äiá»‡n thoáº¡i bÃ n,,,,0.0,MÃ¡y White Noise-MÃ¡y táº¡o tiáº¿ng á»“n tráº¯ng cho bÃ© dá»… ngá»§,â‚«278.600,,,,,,,,5 nÄƒm trÆ°á»›c,"49,7k",637,30,sukemshophn,8%,trong vÃ i giá»
Äiá»‡n thoáº¡i bÃ n,,,,0.0,GIÃ SIÃŠU YÃŠU Pin dÃ¹ng cho Äiá»‡n thoáº¡i Kyocera Torque G03 - 2940mAh - 3.8V - 11.2 Wh GIÃ SIÃŠU YÃŠU,â‚«369.000,,,,,,,,13 thÃ¡ng trÆ°á»›c,9,143,0,o3cb81psmz,57%,trong vÃ i giá»
Äiá»‡n thoáº¡i bÃ n,,,,0.0,Bi sáº¥y mÃ¡y photo ricoh MP 4000/ 5000/ 6000 bá»™ 2 cÃ¡i,â‚«205.200,,,,,,,,3 nÄƒm trÆ°á»›c,"1,7k","1,1k",230,hoangthihao.123,95%,trong vÃ i giá»
Äiá»‡n thoáº¡i bÃ n,,,,0.0,ÄIá»†N THOáº I Äá»‚ BÃ€N PANASONIC KX-T560CX,â‚«610.000,,,,,,,,3 nÄƒm trÆ°á»›c,6,19,0,baovykemme,57%,trong vÃ i phÃºt
Äiá»‡n thoáº¡i bÃ n,,,,0.0,DÃ¢y cáº¥p nguá»“n Ä‘iá»‡n thoáº¡i Android Mega-Idea,â‚«190.000,,,,,,,,6 nÄƒm trÆ°á»›c,623,307,"1,1k",kdnhuttran,38%,trong vÃ i giá»
Äiá»‡n thoáº¡i bÃ n,,,,0.0,Äiá»‡n Thoáº¡i BÃ n Gáº¯n Sim â˜ï¸ Huawei F317 -  Äiá»‡n thoáº¡i bÃ n láº¯p má»i loáº¡i sim táº¡i Viá»‡t Nam.,â‚«379.000,,,,,,,,16 thÃ¡ng trÆ°á»›c,81,151,199,gigaone,100%,trong vÃ i giá»
Äiá»‡n thoáº¡i bÃ n,,ÄÃ£ thÃ­ch (6),,0.0,Äiá»‡n thoáº¡i nháº­t nec n-07b xÃ¡ch tay,â‚«900.000,,,,,,,,4 nÄƒm trÆ°á»›c,378,914,92,nhutthao1988,37%,trong vÃ i giá»
Äiá»‡n thoáº¡i bÃ n,,,,0.0,MÃ¡y laser 12 tia hitachi - ls12,â‚«1.300.000,,,,,,,,16 thÃ¡ng trÆ°á»›c,1k,69,0,taoguang1un._,57%,trong vÃ i giá»
Äiá»‡n thoáº¡i bÃ n,,,,0.0,Máº¡ch Sáº¡c Äiá»‡n Thoáº¡i 5V2A DC-P4005,â‚«71.000,,,,,,,,3 nÄƒm trÆ°á»›c,477,"2,2k",150,namvietgroup,75%,trong vÃ i giá»
Äiá»‡n thoáº¡i bÃ n,,,,0.0,Äiá»‡n thoáº¡i bÃ n Telephone AEQ96754,â‚«212.850,,,,,,,,6 nÄƒm trÆ°á»›c,277,"3,5k",451,nuhongmongmanh89,22%,trong vÃ i giá»
Äiá»‡n thoáº¡i bÃ n,,,,0.0,Äiá»‡n thoáº¡i bÃ n Telephone AEQ96754,â‚«210.000,,,,,,,,3 nÄƒm trÆ°á»›c,135,"2,1k",479,thuhuong011,57%,trong vÃ i giá»
Äiá»‡n thoáº¡i bÃ n,,,,0.0,[Má»›i 100% - FREESHIP] Film sáº¥y mÃ¡y photo Ricoh MPC4502/ MPC5502/ MPC6002,â‚«1.485.000,,,,,,,,12 thÃ¡ng trÆ°á»›c,1k,933,120,mvphanoi,85%,trong vÃ i giá»
Äiá»‡n thoáº¡i bÃ n,,ÄÃ£ thÃ­ch (2),,0.0,MÃ¡y quÃ©t Panasonic KV-SL1056,â‚«15.500.000,,,,,,,,25 thÃ¡ng trÆ°á»›c,2,33,0,mayinvanphong247,57%,trong vÃ i giá»
Äiá»‡n thoáº¡i bÃ n,,,,0.0,MÃ¡y Giáº£m BÃ©o Diaro RF,â‚«25.000.000,,,,,,,,3 nÄƒm trÆ°á»›c,66,143,16,giuong_spa,42%,trong vÃ i giá»
Äiá»‡n thoáº¡i bÃ n,,,,0.0,1m dÃ¢y Ä‘iá»‡n cadisun 2x4,â‚«26.000,,,,,,,,4 nÄƒm trÆ°á»›c,109,192,327,dientudienlanhnamphat,66%,trong vÃ i phÃºt
Äiá»‡n thoáº¡i bÃ n,,,,0.0,Äiá»‡n thoáº¡i bÃ n Panasonic KX-TSC11 ChÃ­nh HÃ£ng,â‚«508.620,,,,,,,,21 thÃ¡ng trÆ°á»›c,467,"2,4k",825,thefaceshop_coco,3%,trong vÃ i giá»
Äiá»‡n thoáº¡i bÃ n,,,,0.0,ğŸŒŸğŸ’§[CAO Cáº¤P]ğŸŒŸğŸ’§ MÃ¡y nháº­t ná»™i Ä‘á»‹a nháº­t made in japan dáº­p trÃªn mÃ¡y [CHáº¤T LÆ¯á»¢NG]ğŸŒŸğŸ’§,â‚«338.000,,,,,,,,17 thÃ¡ng trÆ°á»›c,31,462,133,can.cau.ca.202,57%,trong vÃ i giá»
Äiá»‡n thoáº¡i bÃ n,,,,0.0,Ká»‡ Ä‘iá»‡n thoáº¡i Ä‘á»ƒ bÃ n hÃºt chÃ¢n khÃ´ng ğŸ’ â£ï¸,â‚«29.000,,,,,,,,4 nÄƒm trÆ°á»›c,"2,1k",672,61,trantuan2204,9%,trong vÃ i giá»
Äiá»‡n thoáº¡i bÃ n,,,,0.0,LÃ´ sáº¥y Sharp AR 160 (5316/ 5320/ 5516/ 5520/ 5618/ 5620/ 5623/ 161/ 201/ 205/ 206),â‚«199.000,,,,,,,,4 nÄƒm trÆ°á»›c,344,1k,"1,6k",tramvoleo,94%,trong vÃ i giá»
Äiá»‡n thoáº¡i bÃ n,,,,0.0,Ká»‡ Ä‘á»ƒ bÃ n Ä‘iá»‡n thoáº¡i 360,â‚«38.610,,,,,,,,26 thÃ¡ng trÆ°á»›c,88,"4,5k",319,thegioiphukienhn01,24%,trong vÃ i giá»
Äiá»‡n thoáº¡i bÃ n,,,,0.0,Káº¿t ná»‘i Ä‘iá»‡n thoáº¡i lÃªn tivi khÃ´ng dÃ¢y Anyast M9 Plus,â‚«25.000.000,,,,,,,,15 thÃ¡ng trÆ°á»›c,47,"1,1k",188,diendandunghtd,44%,trong vÃ i giá»
Äiá»‡n thoáº¡i bÃ n,,,,0.0,Äiá»‡n thoáº¡i Fujitsu F-02C mÃ u vÃ ng nÃ¢u,â‚«600.000,,,,,,,,4 nÄƒm trÆ°á»›c,265,988,130,jeremie.09,67%,trong vÃ i giá»
Äiá»‡n thoáº¡i bÃ n,,,,0.0,MÃY IN LASER ÄEN TRáº®NG ÄA CHá»¨C NÄ‚NG BROTHERR DCP-1601 ÄÃƒ QUA Sá»¬ Dá»¤NG - AALO.VN,â‚«2.350.000,,,,,,,,5 nÄƒm trÆ°á»›c,6k,"2,8k",741,0987.9999.47,69%,trong vÃ i giá»
Äiá»‡n thoáº¡i bÃ n,,,,0.0,MÃ¡y DÃ² DÃ¢y Äiá»‡n Ã‚m TÆ°á»ng TS-78 SiÃªu sale,â‚«420.000,,,,,,,,4 nÄƒm trÆ°á»›c,7,626,12,minhhong1207,57%,trong vÃ i giá»
Äiá»‡n thoáº¡i bÃ n,,,,0.0,âœ¹MÃ¡y sáº¥y tÃ³c sinh viÃªn kÃ½ tÃºc xÃ¡ gia Ä‘Ã¬nh mini cÃ´ng suáº¥t nhá» ngáº¯t ion Ã¢m nÃ³ng láº¡nh gáº¥p gá»n,â‚«228.000 - â‚«258.000,,,,,,,,7 thÃ¡ng trÆ°á»›c,16,505,0,3kltaz3z6p,50%,trong vÃ i phÃºt
Äiá»‡n thoáº¡i bÃ n,,,,0.0,Cá»¥m Sáº¡c Huawei Nova 2i HÃ ng zin,â‚«100.000,,,,,,,,4 nÄƒm trÆ°á»›c,178,395,212,vudinhdoan123,51%,trong vÃ i giá»
Äiá»‡n thoáº¡i bÃ n,,,,0.0,MÃ¡y laser 5 tia xanh YAMASU CHÃNH HÃƒNG,â‚«2.390.000,,,,,,,,3 nÄƒm trÆ°á»›c,77,85,24,dienmaydanang777,43%,trong vÃ i giá»
Äiá»‡n thoáº¡i bÃ n,,,,0.0,MÃ¡y tÃ­ch Ä‘iá»‡n tháº§n thÃ¡nh khÃ´ng chá»‰nh tá»‘c Ä‘á»™,â‚«700.000,,,,,,,,29 thÃ¡ng trÆ°á»›c,7,24,0,a777shop,3%,trong vÃ i giá»
Äiá»‡n thoáº¡i bÃ n,,ÄÃ£ thÃ­ch (1),,0.0,DÃ¢y Ä‘iá»‡n Ä‘Æ¡n cadivi 4.0 cuá»™n 100m,â‚«1.250.000,,,,,,,,4 nÄƒm trÆ°á»›c,32,58,2,hungcao931,53%,trong vÃ i giá»
Äiá»‡n thoáº¡i bÃ n,,ÄÃ£ thÃ­ch (1),,0.0,Äiá»‡n thoáº¡i bÃ n Panasonic KX-T730CID,â‚«483.000,,,,,,,,31 thÃ¡ng trÆ°á»›c,"4,3k",171,36,ha061208,2%,trong vÃ i giá»
Äiá»‡n thoáº¡i bÃ n,,,,0.0,"Háº¡t rá»‡p Ä‘iá»‡n Ä‘iá»‡n thoáº¡i RJ11, Äáº§u báº¥m háº¡t máº¡ng RJ11 ChÃ­nh hÃ£ng",â‚«80.000,,,,,,,,3 nÄƒm trÆ°á»›c,8,293,23,khoavandao,66%,trong vÃ i giá»
Äiá»‡n thoáº¡i bÃ n,,,,0.0,ÄIá»†N THOáº I PANASONIC KX-TS520 (Äen),â‚«350.000,,,,,,,,15 thÃ¡ng trÆ°á»›c,28,182,132,thietbivanphongso1,77%,trong vÃ i giá»
Äiá»‡n thoáº¡i bÃ n,,,,0.0,Äiá»‡n thoáº¡i Philips mÃ u Ä‘en huyá»n bÃ­,â‚«600.000,,,,,,,,4 nÄƒm trÆ°á»›c,265,988,130,jeremie.09,67%,trong vÃ i giá»
Äiá»‡n thoáº¡i bÃ n,,,,0.0,Äiá»‡n thoáº¡i Ä‘á»ƒ bÃ n Craye T028 nháº­p kháº©u,â‚«215.000,,,,,,,,31 thÃ¡ng trÆ°á»›c,13,119,9,susuxinh1511,66%,trong vÃ i giá»
Äiá»‡n thoáº¡i bÃ n,,ÄÃ£ thÃ­ch (1),,0.0,"Äiá»‡n Thoáº¡i BÃ n Láº¯p 2 Sim DÃ¹ng Tiáº¿ng Viá»‡t  ETS 6588 Láº¯p Má»i Loáº¡i Sim Di Äá»™ng, Gphone, HomePhone",â‚«579.000,,,,,,,,17 thÃ¡ng trÆ°á»›c,58,160,156,vin_zo,88%,trong vÃ i giá»
Äiá»‡n thoáº¡i bÃ n,,,,0.0,[Má»›i 100% - FREESHIP] VÃ²ng bi lÃ´ sáº¥y mÃ¡y photo Ricoh MP-4000/4001/4002/5000/5001/5002 MP3500/4500/1035/2035/2045,â‚«179.000,,,,,,,,12 thÃ¡ng trÆ°á»›c,1k,933,120,mvphanoi,85%,trong vÃ i giá»
Äiá»‡n thoáº¡i bÃ n,,,,0.0,ká»‡ Ä‘iá»‡n thoáº¡i,â‚«39.000,,,,,,,,4 nÄƒm trÆ°á»›c,238,114,369,phamthibich268,92%,trong vÃ i giá»
Äiá»‡n thoáº¡i bÃ n,,ÄÃ£ thÃ­ch (5),,0.0,BÃ n Mixer MG-20XU chÃ­nh hÃ£ng,â‚«20.000.000,,,,,,,,29 thÃ¡ng trÆ°á»›c,17,111,5,bosmusicshop,57%,trong vÃ i giá»
Äiá»‡n thoáº¡i bÃ n,,,,0.0,Äiá»‡n thoáº¡i bÃ n AS7101 Ä‘en GIAÌ CÆ¯Ì£C SHOK,â‚«177.900,,,,,,,,34 thÃ¡ng trÆ°á»›c,42,"1,5k",21,chamnongnghiep,36%,trong vÃ i giá»
Äiá»‡n thoáº¡i bÃ n,,,,0.0,ÄÃ¨n Táº§n Phá»• Trá»‹ Liá»‡u Äá»ƒ BÃ n,â‚«700.000,,,,,,,,22 thÃ¡ng trÆ°á»›c,16,602,5,thietbiytehainam,7%,trong vÃ i giá»
Äiá»‡n thoáº¡i bÃ n,,,,0.0,ÄIá»†N THOáº I 1202,â‚«115.000 - â‚«145.000,,,,,,,,20 thÃ¡ng trÆ°á»›c,1,21,0,rjhjeo_u6i,57%,trong vÃ i giá»
Äiá»‡n thoáº¡i bÃ n,,,,0.0,Äiá»‡n thoáº¡i bÃ n Panasonic KX-TSC11MX cÃ³ mÃ n hÃ¬nh hiá»ƒn thá»‹ sá»‘,â‚«490.000,,,,,,,,5 nÄƒm trÆ°á»›c,42,198,69,camera.viet.nam,8%,trong vÃ i giá»
Äiá»‡n thoáº¡i bÃ n,,,,0.0,Äiá»‡n Thoáº¡i Phá»• ThÃ´ng GiÃ¡ Ráº» M389 Äiá»‡n Thoáº¡i Äáº­p ÄÃ¡ Cho NgÆ°á»i GiÃ  - OHNO Viá»‡t Nam,â‚«998.000,,,,,,,,5 nÄƒm trÆ°á»›c,"1,7k",289,367,mapalan,57%,trong vÃ i ngÃ y
Äiá»‡n thoáº¡i bÃ n,,,,0.0,Äiá»‡n Thoáº¡i Phá»• ThÃ´ng GiÃ¡ Ráº» MOBELL M318 Äiá»‡n Thoáº¡i Äáº­p ÄÃ¡ Cho NgÆ°á»i GiÃ  - OHNO Viá»‡t Nam,â‚«798.000,,,,,,,,5 nÄƒm trÆ°á»›c,"1,7k",289,367,mapalan,57%,trong vÃ i ngÃ y
Äiá»‡n thoáº¡i bÃ n,,,,0.0,[ShopYÃªuThiÌch] Háº¡t 4 Ä‘iá»‡n thoáº¡i RJ11 (100 chiáº¿c) [HaÌ€ngChÃ¢ÌtLÆ°Æ¡Ì£ng],â‚«63.000,,,,,,,,4 nÄƒm trÆ°á»›c,"3,8k","1,7k",44,fekashop,14%,trong vÃ i giá»
Äiá»‡n thoáº¡i bÃ n,,,,0.0,MÃ¡y báº¯n cos Laser 5 tÃ­a Ä‘á» AGP siÃªu nÃ©t,â‚«940.000,,,,,,,,5 nÄƒm trÆ°á»›c,"2,9k",412,206,maycokhixaydung,65%,trong vÃ i phÃºt
Äiá»‡n thoáº¡i bÃ n,,,,0.0,"Trá»‘ng rá»i mÃ¡y photo Sharp AR-M235, M275, M236, M276, M5731",â‚«259.000,,,,,,,,21 thÃ¡ng trÆ°á»›c,46,315,189,xalamart,12%,trong vÃ i giá»
Äiá»‡n thoáº¡i bÃ n,,,,0.0,ChÃ­nh HÃ£ng MÃ¡y Laser Canzy Korea,â‚«23.200.000,,,,,,,,29 thÃ¡ng trÆ°á»›c,210,68,25,thietbispa886,57%,trong vÃ i giá»
Äiá»‡n thoáº¡i bÃ n,,,,0.0,DÃ¢y Ä‘iá»‡n Ä‘Æ¡n dÃ¢y cÃ¡p Ä‘iá»‡n CV Cadivi CV4.0 cuá»™n 100m,â‚«1.160.000,,,,,,,,4 nÄƒm trÆ°á»›c,7k,656,13k,hagico,97%,trong vÃ i giá»
Äiá»‡n thoáº¡i bÃ n,,,,0.0, BÃ n má»Ÿ rá»™ng YeaLink EXP50 cho Ä‘iá»‡n thoáº¡i YeaLink IP-T58V/SIP-T58A/SIPT56A/SIPT54S/SIP-T,â‚«2.569.000,,,,,,,,6 nÄƒm trÆ°á»›c,"4,9k","2,6k","1,1k",tugia,76%,trong vÃ i giá»
Äiá»‡n thoáº¡i bÃ n,,,,0.0,Äiá»‡n thoáº¡i bÃ n Craye - T028,â‚«215.000,,,,,,,,33 thÃ¡ng trÆ°á»›c,663,"4,3k","2,5k",phanvanha8786,97%,trong vÃ i giá»
Äiá»‡n thoáº¡i bÃ n,,,,0.0,âš¡ BAÌ€N PHIÌM LAPTOP TOSHIBA C845 C840 L835 L840 L840D L845 L845D C700 C800 NHÃ‚Ì£P KHÃ‚Ì‰U,â‚«190.000,,,,,,,,16 thÃ¡ng trÆ°á»›c,18,"4,8k",96,kietstore,73%,trong vÃ i giá»
Äiá»‡n thoáº¡i bÃ n,,,,0.0,Ru LÃ´ Ã©p dÆ°á»›i mÃ¡y photo konica minolta Bizhub 164/184/165/185/7718,â‚«398.000,,,,,,,,3 nÄƒm trÆ°á»›c,"1,7k","1,1k",230,hoangthihao.123,95%,trong vÃ i giá»
Äiá»‡n thoáº¡i bÃ n,,,,0.0,"âœ”ï¸ MÃ¡y Äiá»‡n Thoáº¡i BÃ n Láº¯p 2 Sim DÃ¹ng Tiáº¿ng Viá»‡t âœ”ï¸ ETS 6588 Láº¯p Má»i Loáº¡i Sim Di Äá»™ng, Gphone, HomePhone",â‚«579.000,,,,,,,,16 thÃ¡ng trÆ°á»›c,13,114,21,vinnext,100%,trong vÃ i giá»
Äiá»‡n thoáº¡i bÃ n,,,,0.0,Ão PhÃ´ng Free Fire Rank Huyá»n Thoáº¡i (Sá»‘ng Dai ThÃ nh Huyá»n Thoáº¡i)  - aogamehotnhat.vn,â‚«22.000 - â‚«109.000,,,,,,,,12 thÃ¡ng trÆ°á»›c,31,3k,89,aogamehotnhat.vn,57%,trong vÃ i giá»
Äiá»‡n thoáº¡i bÃ n,,,,0.0,MÃ¡y Fax Giáº¥y Nhiá»‡t Panasonic KX-FT73 Báº£o HÃ nh 12 ThÃ¡ng,â‚«1.500.000 - â‚«1.600.000,,,,,,,,5 nÄƒm trÆ°á»›c,87,160,110,nguyenthetai118,87%,trong vÃ i giá»
Äiá»‡n thoáº¡i bÃ n,,,,0.0,chÃ©o Ä‘iá»‡n thoáº¡i,â‚«75.000,,,,,,,,11 thÃ¡ng trÆ°á»›c,299,197,25,tuixinh3333,59%,trong vÃ i giá»
Äiá»‡n thoáº¡i bÃ n,,,,0.0,MÃY IN CANON L160  ÄA CHá»¨C NÄ‚NG COPY FAX - AALO.VN,â‚«2.100.000,,,,,,,,15 thÃ¡ng trÆ°á»›c,"14,8k",176,45,mayinvanphonggiatot,31%,trong vÃ i giá»
Äiá»‡n thoáº¡i bÃ n,,ÄÃ£ thÃ­ch (1),,0.0,MÃ¡y Phay DÃ¹ng Pin DeWalt 18V DCW600N-KR ( ThÃ¢n MÃ¡y ),â‚«4.165.000,,,,,,,,5 nÄƒm trÆ°á»›c,"64,5k","1,9k","5,9k",tancangdecorshop,87%,trong vÃ i giá»
Äiá»‡n thoáº¡i bÃ n,,ÄÃ£ thÃ­ch (52),,0.0,MÃ¡y laze 5 tia xanh Hitachi (2pin),â‚«1.550.000,,,,,,,,23 thÃ¡ng trÆ°á»›c,"2,1k",55,24,khoanpindanang,57%,trong vÃ i giá»
Äiá»‡n thoáº¡i bÃ n,,,,0.0,[Cá»°C Ráºº] Äiá»‡n thoáº¡i C999 sáº¡c pin mÃ¡y khÃ¡c - xem tivi,â‚«569.000,,,,,,,,33 thÃ¡ng trÆ°á»›c,4k,"1,2k",48,phukientocminhnguyet,34%,trong vÃ i giá»
Äiá»‡n thoáº¡i bÃ n,,,,0.0,"HDMI khÃ´ng dÃ¢y FCAST - Truyá»n khÃ´ng dÃ¢y tá»« Ä‘iá»‡n thoáº¡i lÃªn TV, mÃ¡y chiáº¿u",â‚«600.000,,,,,,,,4 nÄƒm trÆ°á»›c,62,31,27,tech360hcm,62%,trong vÃ i giá»
Äiá»‡n thoáº¡i bÃ n,,ÄÃ£ thÃ­ch (1),,0.0,Chip má»±c Sharp MX500- dÃ¹ng cho mÃ¡y sharp M363U/453U/503U/M363N/M453N/M503N,â‚«49.600,,,,,,,,21 thÃ¡ng trÆ°á»›c,46,315,189,xalamart,12%,trong vÃ i giá»
Äiá»‡n thoáº¡i bÃ n,,,,0.0,ÄIá»†N THOáº I 105 2016 RM-1134,â‚«99.000 - â‚«128.000,,,,,,,,20 thÃ¡ng trÆ°á»›c,1,21,0,rjhjeo_u6i,57%,trong vÃ i giá»
Äiá»‡n thoáº¡i bÃ n,,,,0.0,"Nhá» máº¯t Taisho Nháº­t cho bÃ©, Ä‘áº·c biá»‡t bÃ© hay xem tivi Ä‘iá»‡n thoáº¡i",â‚«183.000,,,,,,,,35 thÃ¡ng trÆ°á»›c,52,89,127,september169,76%,trong vÃ i giá»
Äiá»‡n thoáº¡i bÃ n,,,,0.0,Äiá»‡n thoáº¡i khÃ´ng dÃ¢y DECT DP720,â‚«1.870.000,,,,,,,,3 nÄƒm trÆ°á»›c,449,533,7,vnsup,35%,trong vÃ i giá»
Äiá»‡n thoáº¡i bÃ n,,,,0.0,"CÃ i Ä‘iá»‡n thoáº¡i rÃ´bá»‘t soay 360 tÆ° tháº¿,hÃ ng Ä‘Ã£ cáº­p báº¿n giÃ¡ háº¡t ráº» cÃ¡c bÃ¡c áº¡",â‚«232.000,,,,,,,,3 nÄƒm trÆ°á»›c,256,860,159,tranthaioto,85%,trong vÃ i giá»
Äiá»‡n thoáº¡i bÃ n,,ÄÃ£ thÃ­ch (1),,0.0,"Äiá»‡n thoáº¡i di Ä‘á»™ng siÃªu bá»n Cat B100, xÃ¡ch tay chÃ¢u Ã‚u.",â‚«3.790.000,,,,,,,,5 nÄƒm trÆ°á»›c,78,20,115,nutrihn,25%,trong vÃ i giá»
Äiá»‡n thoáº¡i bÃ n,,,,0.0,Äiá»‡n thoáº¡i mini super small Nokiia BM10 xÃ¡ch tay ThÃ¡i Lan,â‚«450.000,,,,,,,,6 nÄƒm trÆ°á»›c,350,548,172,nga271,67%,trong vÃ i giá»
Äiá»‡n thoáº¡i bÃ n,,,,0.0,MÃ¡y sá»­a Halogen Daichipro DCP-03A hÃ ng xá»‹n,â‚«439.000,,,,,,,,13 thÃ¡ng trÆ°á»›c,3,80,4,hoang_may.1998,47%,trong vÃ i phÃºt
Äiá»‡n thoáº¡i bÃ n,,,,0.0,Ru LÃ´ Ã©p dÆ°á»›i mÃ¡y photo canon NPG28/ iR2016/iR2020/iR2018/iR2022 _ iR2025/iR2030/iR2318L/ iR2320/iR2420/Ir24/Ir2422,â‚«394.000,,,,,,,,12 thÃ¡ng trÆ°á»›c,1k,933,120,mvphanoi,85%,trong vÃ i giá»
Äiá»‡n thoáº¡i bÃ n,,,,0.0,MÃ¡y Laser - triá»‡t lÃ´ng IPL 2in1 Model DPL-HG2500,â‚«38.000.000,,,,,,,,6 nÄƒm trÆ°á»›c,"4,2k",529,"5,5k",quachtung91,82%,trong vÃ i giá»
Äiá»‡n thoáº¡i bÃ n,,,,0.0,Äiá»‡n thoáº¡i Panasonic KS-TS500 mÃ u xÃ¡m,â‚«150.000,,,,,,,,4 nÄƒm trÆ°á»›c,6,2,0,monvin,57%,trong vÃ i ngÃ y
Äiá»‡n thoáº¡i bÃ n,,,,0.0,XÆ°Æ¡ng sáº¥y mÃ¡y in HP 2055d/2055dn bÃ³c mÃ¡y hoáº¡t Ä‘á»™ng tá»‘t,â‚«400.000,,,,,,,,3 nÄƒm trÆ°á»›c,49,331,38,mucinmayinlyvystar,8%,trong vÃ i giá»
Äiá»‡n thoáº¡i bÃ n,,,,0.0,Äiá»‡n Thoáº¡i Phá»• ThÃ´ng Äáº­p ÄÃ¡ ITEL IT5025 Äiá»‡n Thoáº¡i BÃ n PhÃ­m To Cho NgÆ°á»i GiÃ  - OHNO Viá»‡t Nam,â‚«499.000,,,,,,,,5 nÄƒm trÆ°á»›c,"1,7k",289,367,mapalan,57%,trong vÃ i ngÃ y
Äiá»‡n thoáº¡i bÃ n,,,,0.0,MÃ´ tÆ¡ mÃ¡y In Laser Brother DCP-L2520D - aalo.vn,â‚«90.000,,,,,,,,3 nÄƒm trÆ°á»›c,"12,9k",513,242,shopaalo848,58%,trong vÃ i giá»
Äiá»‡n thoáº¡i bÃ n,,,,0.0,Transtec Laser HD Kit,â‚«1.150.000,,,,,,,,5 nÄƒm trÆ°á»›c,535,"1,6k",639,binhminh4285,4%,trong vÃ i giá»
Äiá»‡n thoáº¡i bÃ n,,,,0.0,LÃ´ sáº¥y mÃ¡y photo Ricoh 1060/1075,â‚«299.000,,,,,,,,3 nÄƒm trÆ°á»›c,621,582,947,hoangtuyet25,68%,trong vÃ i giá»
Äiá»‡n thoáº¡i bÃ n,,,,0.0,[Má»›i 100% - FREESHIP] Ru LÃ´ Ã©p dÆ°á»›i (Fuser Roller)  mÃ¡y photo Xerox mÃ u DC IV/V 2260/2263/2265,â‚«745.000,,,,,,,,12 thÃ¡ng trÆ°á»›c,1k,933,120,mvphanoi,85%,trong vÃ i giá»
Äiá»‡n thoáº¡i bÃ n,,,,0.0,MÃ¡y Ä‘iá»‡n giáº£i ion kiá»m Panasonic TK-AS45,â‚«20.145.000,,,,,,,,3 nÄƒm trÆ°á»›c,331,272,594,shopannhienle,94%,trong vÃ i giá»
Äiá»‡n thoáº¡i bÃ n,,,,0.0,[MÃ£ 11ELSALE hoÃ n 7% Ä‘Æ¡n 300K] MÃY IN LASER ÄEN TRáº®NG SAMSUNGG ML 2850D ÄÃƒ QUA Sá»¬ Dá»¤NG - AALO.VN,â‚«1.499.000,,,,,,,,5 nÄƒm trÆ°á»›c,6k,"2,8k",741,0987.9999.47,69%,trong vÃ i giá»
Äiá»‡n thoáº¡i bÃ n,,,,0.0,Â¤âœµâ£mÃ¡y sáº¥y tÃ³c gia Ä‘Ã¬nh cÃ´ng suáº¥t lá»›n 2200w kÃ½ tÃºc xÃ¡ cÃ³ lÆ°á»›i sinh viÃªn mÃ¡y sáº¥y tÃ³c mÃ u Ä‘á» hiá»‡u mÃ¡y sáº¥y tÃ³c im láº·ng nÃ³ng,â‚«265.000 - â‚«279.000,,,,,,,,7 thÃ¡ng trÆ°á»›c,59,520,4,etan62s88k,69%,trong vÃ i giá»
Äiá»‡n thoáº¡i bÃ n,,,,0.0,MÃY IN ÄA CHá»¨C NÄ‚NG CANONNN LASER MF-4870DN ÄÃƒ QUA Sá»¬ Dá»¤NG - AALO.VN,â‚«3.300.000,,,,,,,,,,,,,,
Äiá»‡n thoáº¡i bÃ n,,,,0.0,MÃ¡y Fax Canon Fax L170,â‚«5.720.000,,,,,,,,25 thÃ¡ng trÆ°á»›c,20,513,10,congtyhungminh,8%,trong vÃ i giá»
Äiá»‡n thoáº¡i bÃ n,,,,0.0,MÃ¡y in lá»‡nh nhÃ  báº¿p chuyÃªn dá»¥ng Antech PRP850,â‚«1.950.000,,,,,,,,22 thÃ¡ng trÆ°á»›c,47,488,146,vinashop1688,65%,trong vÃ i giá»
Äiá»‡n thoáº¡i bÃ n,,,,0.0,MÃY CÃ‚N Má»°C LASER  GLL3-15X BOSCH,â‚«3.125.000,,,,,,,,21 thÃ¡ng trÆ°á»›c,13,136,3,tuidonghe,42%,trong vÃ i giá»
Äiá»‡n thoáº¡i bÃ n,,,,0.0,BUÌT TRIÌ€NH CHIÃŠÌU KHÃ”NG DÃ‚Y ABCNOVEL A186,â‚«495.000,,,,,,,,5 nÄƒm trÆ°á»›c,"10,4k",647,181,qiongruan,80%,trong vÃ i giá»
Äiá»‡n thoáº¡i bÃ n,,,,0.0,(hot) Sáº¡c Ä‘iá»‡n thoáº¡i Gphone khÃ´ng dÃ¢y Ä‘á»ƒ bÃ nÂ ,â‚«95.000,,,,,,,,20 thÃ¡ng trÆ°á»›c,1,150,0,ag9jpttl97,57%,trong vÃ i giá»
Äiá»‡n thoáº¡i bÃ n,,,,0.0,Äiá»‡n thoáº¡i khÃ´ng dÃ¢y Gphone,â‚«650.000,,,,,,,,27 thÃ¡ng trÆ°á»›c,27,418,121,tongkhohangcongnghe,18%,trong vÃ i giá»
Äiá»‡n thoáº¡i bÃ n,,ÄÃ£ thÃ­ch (276),,0.0,"[Xáº¢ KHO] MÃ¡y nháº¥n mÃ­, Ä‘á»‘t ná»‘t ruá»“i, má»¥n thá»‹t, nÃ¡m, tÃ n nhang plasma tÃ­ch Ä‘iá»‡n",â‚«650.000,,,,,,,,35 thÃ¡ng trÆ°á»›c,"1,5k",255,133,thietbispahanoi.vn,88%,trong vÃ i giá»
Äiá»‡n thoáº¡i bÃ n,,,,0.0,Film Sáº¥y MÃ¡y Photo  Xerox DCV 2060 3060 3065 - Film Sáº¥y Xerox V 3065,â‚«730.000,,,,,,,,4 nÄƒm trÆ°á»›c,19,632,41,tranthituyen222,57%,trong vÃ i giá»
Äiá»‡n thoáº¡i bÃ n,,,,0.0,MÃ¡y báº¯n cá»‘t laser,â‚«978.900,,,,,,,,16 thÃ¡ng trÆ°á»›c,19,668,29,z4wdhmwm7c,57%,trong vÃ i giá»
Äiá»‡n thoáº¡i bÃ n,,,,0.0,BÃ n NÃ¢ng MÃ¡y Laser Mini,â‚«550.000,,,,,,,,4 nÄƒm trÆ°á»›c,94,744,91,quang.thao,16%,trong vÃ i phÃºt
Äiá»‡n thoáº¡i bÃ n,,,,0.0,Äiá»‡n Thoáº¡i Phá»• ThÃ´ng Äáº­p ÄÃ¡ Äiá»‡n thoáº¡i 105 2017 Äiá»‡n Thoáº¡i BÃ n PhÃ­m To Cho NgÆ°á»i GiÃ  - OHNO Viá»‡t Nam,â‚«839.000,,,,,,,,5 nÄƒm trÆ°á»›c,"1,7k",289,367,mapalan,57%,trong vÃ i ngÃ y
Äiá»‡n thoáº¡i bÃ n,,,,0.0,Ru LÃ´ Ã©p dÆ°á»›i mÃ¡y photo Ricoh  Aficio 1515/1013/175L/MP161F/162F/171F/201SPF,â‚«299.000,,,,,,,,3 nÄƒm trÆ°á»›c,"1,7k","1,1k",230,hoangthihao.123,95%,trong vÃ i giá»
Äiá»‡n thoáº¡i bÃ n,,,,0.0,Náº¯p trÃªn mÃ¡y Ã©p Panasonic -AJD93-142-H2,â‚«220.000,,,,,,,,14 thÃ¡ng trÆ°á»›c,517,267,782,acnkhanhhoa,95%,trong vÃ i giá»
Äiá»‡n thoáº¡i bÃ n,,,,0.0,Ru LÃ´ sáº¥y trÃªn mÃ¡y photo Sharp AR-5625/5631/5726/5731/6031N/6026/M256/316/258/318/260/M208/235/270/275/MX-M310/M314N,â‚«298.000,,,,,,,,3 nÄƒm trÆ°á»›c,"1,7k","1,1k",230,hoangthihao.123,95%,trong vÃ i giá»
Äiá»‡n thoáº¡i bÃ n,,,,0.0,Cá»¥m Sáº¥y mÃ¡y Photo Xerox DC IV - V 6080/7080,â‚«4.617.000,,,,,,,,3 nÄƒm trÆ°á»›c,"1,7k","1,1k",230,hoangthihao.123,95%,trong vÃ i giá»
Äiá»‡n thoáº¡i bÃ n,,,,0.0,"[Cam Káº¿t Cháº¥t LÆ°á»£ng] MÃ¡y Laser Q8,  MÃ¡y laser Tonning chuyÃªn dá»¥ng spa tmv",â‚«19.990.000,,,,,,,,14 thÃ¡ng trÆ°á»›c,96,307,155,shopspa.vn999,79%,trong vÃ i giá»
Äiá»‡n thoáº¡i bÃ n,,,,0.0,Ru LÃ´ sáº¥y trÃªn mÃ¡y photo Sharp AR-5625/5631/5726/5731/6031N/6026/M256/316/258/318/260/M208/235/270/275/MX-M310/M314N,â‚«346.000,,,,,,,,12 thÃ¡ng trÆ°á»›c,1k,933,120,mvphanoi,85%,trong vÃ i giá»
Äiá»‡n thoáº¡i bÃ n,,ÄÃ£ thÃ­ch (3),,0.0,Äiá»‡n thoáº¡i Sharp SH-01A mÃ u nÃ¢u,â‚«700.000,,,,,,,,5 nÄƒm trÆ°á»›c,960,2k,658,haivan87,50%,trong vÃ i giá»
Äiá»‡n thoáº¡i bÃ n,,,,0.0,MÃY LASER CO2 FRACTIONAL,â‚«90.000.000,,,,,,,,21 thÃ¡ng trÆ°á»›c,5,68,0,biovn.vn,47%,trong vÃ i phÃºt
Äiá»‡n thoáº¡i bÃ n,,ÄÃ£ thÃ­ch (1),,0.0,BÃ n vuÃ´ng60.60.75 (bÃ n cafe. BÃ n Äƒn ),â‚«830.000,,,,,,,,33 thÃ¡ng trÆ°á»›c,34,53,1,honghanh10011993,57%,trong vÃ i giá»
Äiá»‡n thoáº¡i bÃ n,,ÄÃ£ thÃ­ch (1),,0.0,Äiá»‡n thoáº¡i bÃ n Panasonic KX-T37CID tráº¯ng,â‚«439.000,,,,,,,,31 thÃ¡ng trÆ°á»›c,"4,3k",171,36,ha061208,2%,trong vÃ i giá»
Äiá»‡n thoáº¡i bÃ n,,,,0.0,LÃ´ sáº¥y photo Canon IR 2016/ 2018/ 2020/ 2022/ 2318/ 2320/ 2420,â‚«170.000 - â‚«370.000,,,,,,,,19 thÃ¡ng trÆ°á»›c,184,580,574,mayvanphonghaanh,72%,trong vÃ i giá»
Äiá»‡n thoáº¡i bÃ n,,ÄÃ£ thÃ­ch (2),,0.0,MÃ¡y cÃ¢n má»±c laser Bosch GLL 2-50 chÃ­nh hÃ£ng Malaysia,â‚«2.900.000,,,,,,,,5 nÄƒm trÆ°á»›c,164,105,274,thuanthe247,37%,trong vÃ i giá»
Äiá»‡n thoáº¡i bÃ n,,,,0.0,Äiá»‡n thoáº¡i yealink W52P,â‚«2.640.000,,,,,,,,4 nÄƒm trÆ°á»›c,781,611,539,queen.mobile,58%,trong vÃ i giá»
Äiá»‡n thoáº¡i bÃ n,,,,,,,,,,,,,,,,,,,,
Äiá»‡n thoáº¡i bÃ n,,,,0.0,"[FreeShip] Bo máº¡ch nguá»“n KLY cho tivi ,mÃ¡y Fax ,DVD,VCD [GiaÌTÃ¢Ì£nXÆ°Æ¡Ì‰ng]",â‚«72.000,,,,,,,,18 thÃ¡ng trÆ°á»›c,"3,3k","1,7k",23,bachhoa003,42%,trong vÃ i giá»
Äiá»‡n thoáº¡i bÃ n,,,,0.0,Äiá»‡n thoáº¡i bÃ n Telephone AEQ96754,â‚«215.000,,,,,,,,4 nÄƒm trÆ°á»›c,301,"3,9k",919,thaoquyen2312013,15%,trong vÃ i giá»
Äiá»‡n thoáº¡i bÃ n,,,,0.0,GiÃ¡ Ä‘iá»‡n thoáº¡i Ä‘á»ƒ bÃ n DS059 â™¥ï¸,,,,,,,,,15 thÃ¡ng trÆ°á»›c,22,1k,57,dientugialinhhanoi,44%,trong vÃ i giá»
Äiá»‡n thoáº¡i bÃ n,,,,0.0,chÃ¢n mÃ¡y Ä‘iá»‡n thoáº¡i,â‚«25.000 - â‚«82.000,,,,,,,,,,,,,,
Äiá»‡n thoáº¡i bÃ n,,,,0.0,BÃ¡nh rÄƒng táº£i sáº¥y mÃ¡y photo Canon  IR 2520 | 2525 | 2530 | 2535 | 2545,,,,,,,,,,,,,,,
Äiá»‡n thoáº¡i bÃ n,,,,0.0,Phiáº¿n Ä‘áº¥u dÃ¢y Krone Ä‘iá»‡n thoáº¡i 10 Ä‘Ã´i 10x2,,,,,,,,,,,,,,,
Äiá»‡n thoáº¡i bÃ n,,,,0.0,[MÃ£ 11ELSALE hoÃ n 7% Ä‘Æ¡n 300K] MÃY IN LASER ÄA CHá»¨C NÄ‚NG BROTHERR DCP-1616NW ÄÃƒ QUA Sá»¬ Dá»¤NG - AALO.VN,â‚«1.899.000,,,,,,,,5 nÄƒm trÆ°á»›c,6k,"2,8k",741,0987.9999.47,69%,trong vÃ i giá»
Äiá»‡n thoáº¡i bÃ n,,,,0.0,Trá»‘ng mÃ¡y in fax 1500,â‚«120.000,,,,,,,,4 nÄƒm trÆ°á»›c,19,632,41,tranthituyen222,57%,trong vÃ i giá»
Äiá»‡n thoáº¡i bÃ n,,,,0.0,MÃ´ tÆ¡ Scan mÃ¡y in Laser Ä‘a chá»©c nÄƒng PANASONIC KX-MB2010 - aalo.vn,â‚«90.000,,,,,,,,3 nÄƒm trÆ°á»›c,"12,9k",513,242,shopaalo848,58%,trong vÃ i giá»
Äiá»‡n thoáº¡i bÃ n,,,,0.0,Ká»‡ trÆ°ng bÃ y Ä‘iá»‡n thoáº¡i báº±ng mica,â‚«26.000,,,,,,,,,,,,,,
Äiá»‡n thoáº¡i bÃ n,,,,0.0,[-FreeShip-] Háº¡t 4 Ä‘iá»‡n thoáº¡i RJ11 (100 chiáº¿c) [GiaÌTÃ´Ìt],â‚«75.000,,,,,,,,16 thÃ¡ng trÆ°á»›c,"1,5k","1,7k",31,lkdtducviet2006,25%,trong vÃ i giá»
Äiá»‡n thoáº¡i bÃ n,,,,0.0,Má»±c mÃ¡y fax Panasonic KX FAT 472,â‚«219.000,,,,,,,,4 nÄƒm trÆ°á»›c,"3,3k",532,"7,1k",thanhtruchanoi,75%,trong vÃ i giá»
Äiá»‡n thoáº¡i bÃ n,,,,0.0,LÃ´ Ã©p dÆ°á»›i mÃ¡y photo Sharp AR200/160/161/163/5316/162/164/201/205/206/207/ARM160/ARM162/ARM205/ARM208/MX-M232D,â‚«377.000,,,,,,,,12 thÃ¡ng trÆ°á»›c,1k,933,120,mvphanoi,85%,trong vÃ i giá»
Äiá»‡n thoáº¡i bÃ n,,,,0.0,"Chip e6xxx,e7xxx cho cÃ¡c mÃ¡y socket 775",â‚«65.000,,,,,,,,4 nÄƒm trÆ°á»›c,73,79,92,linhkienmaytinhthuduc,79%,trong vÃ i giá»
Äiá»‡n thoáº¡i bÃ n,,,,0.0,Æ¯u Ä‘Ã£i Ä‘áº·c biá»‡t tá»§ Ä‘áº§u giÆ°á»ng Ä‘Æ¡n giáº£n Ä‘á»±ng Ä‘á»“ thá»i trang hiá»‡n Ä‘áº¡i bÃ n cÃ  phÃª bÃªn Ä‘iá»‡n thoáº¡i <,â‚«519.000 - â‚«1.360.500,,,,,,,,10 thÃ¡ng trÆ°á»›c,44,360,3,t7xqx523ec,56%,trong vÃ i giá»
Äiá»‡n thoáº¡i bÃ n,,,,0.0,MÃY IN LASER ÄA CHá»¨C NÄ‚NG CCAANON MF-247DW ÄÃƒ QUA Sá»¬ Dá»¤NG - AALO.VN,â‚«4.000.000,,,,,,,,23 thÃ¡ng trÆ°á»›c,"5,7k","1,2k",135,lk_laptop_gia_re_0815309336,33%,trong vÃ i giá»
Äiá»‡n thoáº¡i bÃ n,,,,0.0,Main Äiá»‡n Thoáº¡i OPPO F5/CPH1725/RAM4Gb HÃ€NG ZIN CÃ”NG TY,â‚«900.000,,,,,,,,15 thÃ¡ng trÆ°á»›c,17,141,15,linkphukienmobi,29%,trong vÃ i giá»
Äiá»‡n thoáº¡i bÃ n,,,,0.0,"LÃ´ sáº¥y rá»i Photo Xerox S1810, 2010, 2220, 2040, 2420",â‚«250.000,,,,,,,,3 nÄƒm trÆ°á»›c,45,630,60,lecuong251083,57%,trong vÃ i giá»
Äiá»‡n thoáº¡i bÃ n,,ÄÃ£ thÃ­ch (11),,0.0,[ChÃ­nh hÃ£ng] Háº¡t Äiá»‡n thoáº¡i Sino Vanlock - S30RJ40,â‚«47.000,,,,,,,,27 thÃ¡ng trÆ°á»›c,"4,8k",256,490,vattudiennuocquan12,99%,trong vÃ i giá»
Äiá»‡n thoáº¡i bÃ n,,,,0.0,BÃ n patio máº·t tháº»(55*55)_bÃ n cafe,â‚«465.678,,,,,,,,3 nÄƒm trÆ°á»›c,41,658,5,nguyenminhthuan5555,57%,trong vÃ i giá»
Äiá»‡n thoáº¡i bÃ n,,,,0.0,DÃ¢y CÃ¡p Supreme Nymhy 2x2.5 ChuyÃªn Dá»¥ng,â‚«197.600,,,,,,,,10 thÃ¡ng trÆ°á»›c,0,124,0,juraganlistrik99.vn,57%,trong vÃ i giá»
Äiá»‡n thoáº¡i bÃ n,,,,0.0,"MÃ¡y Ä‘o nhiá»‡t Ä‘á»™ phÃ²ng khÃ¡ch chuyÃªn nghiá»‡p dá»… láº¯p Ä‘áº·t
",â‚«240.000,,,,,,,,3 nÄƒm trÆ°á»›c,"2,1k","4,3k","1,8k",prettyia1.vn,99%,trong vÃ i giá»
Äiá»‡n thoáº¡i bÃ n,,,,0.0,"MÃ¡y dÃ² ná»“ng Ä‘á»™ carbon dioxide sáº¡c USB cho phÃ²ng khÃ¡ch/phÃ²ng táº¯m
",â‚«353.000,,,,,,,,32 thÃ¡ng trÆ°á»›c,124,"4,1k",449,kokiya1.vn,100%,trong vÃ i giá»
Äiá»‡n thoáº¡i bÃ n,,,,0.0,á»p LÆ°ng Cho Ht Jadoel Icom 2N,,,,,,,,,,,,,,,
Äiá»‡n thoáº¡i bÃ n,,,,0.0,MÃ¡y giáº£m bÃ©o Laser Cavitation Fat System LS650,â‚«35.000.000,,,,,,,,,,,,,,
Äiá»‡n thoáº¡i bÃ n,,,,0.0,Äiá»‡n thoáº¡i VTU K8 da-vÃ ng há»“ng- 2 sim 2 sÃ³ng,â‚«500.000,,,,,,,,4 nÄƒm trÆ°á»›c,5,27,1,phamle1109,38%,trong vÃ i giá»
Äiá»‡n thoáº¡i bÃ n,,,,0.0,Máº CH ÄIá»†N ÄIá»€U KHIá»‚N á»”N Äá»ŠNH CHO ÄT,â‚«80.000,,,,,,,,3 nÄƒm trÆ°á»›c,22,43,1,thuthuy240491,47%,trong vÃ i giá»
Äiá»‡n thoáº¡i bÃ n,,,,0.0,DÃ¢y cÃ¡p USB cáº£m biáº¿n carbon Dioxide CO2 cho vÄƒn phÃ²ng,â‚«572.000,,,,,,,,9 thÃ¡ng trÆ°á»›c,31,"2,1k",86,jjgggo.vn,100%,trong vÃ i giá»
Äiá»‡n thoáº¡i bÃ n,,,,0.0,1 set quáº¡t táº£n nhiá»‡t ZF-12025 PWM cho bo máº¡ch chá»§ As-us/for MSI,â‚«235.380 - â‚«252.241,,,,,,,,33 thÃ¡ng trÆ°á»›c,"2,7k","9,9k","4,2k",wingo.vn,97%,trong vÃ i giá»
Äiá»‡n thoáº¡i bÃ n,,,,0.0,"Thiáº¿t bá»‹ Ä‘o lÆ°á»£ng CO2 ká»¹ thuáº­t sá»‘
",â‚«613.000,,,,,,,,17 thÃ¡ng trÆ°á»›c,749,"4,2k","1,1k",lzdjhyke1.vn,100%,trong vÃ i giá»
Äiá»‡n thoáº¡i bÃ n,,,,0.0,CÃ¡p Äiá»‡n Thoáº¡i / Roset / Rj-11 Contents 4-100M MÃ u Be,â‚«843.800,,,,,,,,46 ngÃ y trÆ°á»›c,0,758,0,ronaldkasali988nj.vn,57%,trong vÃ i giá»
Äiá»‡n thoáº¡i bÃ n,,,,0.0,"MÃ¡y Ä‘o Ä‘á»™ áº©m cá»§a nÆ°á»›c báº±ng gá»—
",,,,,,,,,17 thÃ¡ng trÆ°á»›c,155,"2,7k",297,lzdyqmy3.vn,100%,trong vÃ i giá»
Äiá»‡n thoáº¡i bÃ n,,,,,,,,,,,,,,,,,,,,
Äiá»‡n thoáº¡i bÃ n,,,,0.0,"MÃ¡y bÆ¡m nÆ°á»›c mini khÃ´ng chá»•i than DC5V cho há»‡ thá»‘ng lÃ m mÃ¡t mÃ¡y tÃ­nh
",â‚«98.726,,,,,,,,19 thÃ¡ng trÆ°á»›c,"1,1k","3,4k","2,3k",funstoring.vn,91%,trong vÃ i giá»
Äiá»‡n thoáº¡i bÃ n,,,,,,,,,,,,,,,,,,,,
Äiá»‡n thoáº¡i bÃ n,,,,0.0,Äiá»‡n thoáº¡i IP Yealink SIP T42G Skype,â‚«3.860.000,,,,,,,,4 nÄƒm trÆ°á»›c,781,611,539,queen.mobile,58%,trong vÃ i giá»
Äiá»‡n thoáº¡i bÃ n,,ÄÃ£ thÃ­ch (111),,0.0,MÃY TRá»¢ GIáº¢NG KUNGFU KF-MTG045S,â‚«1.400.000,,,,,,,,7 thÃ¡ng trÆ°á»›c,2k,155,11,sieuthihocngan95,57%,trong vÃ i giá»
Äiá»‡n thoáº¡i bÃ n,,,,0.0,Micro Thu Ã‚m Hai Giao Diá»‡n Äiá»u Chá»‰nh Ã‚m Thanh Chinoc199,â‚«559.000,,,,,,,,9 thÃ¡ng trÆ°á»›c,2,339,5,chengdujin.vn,100%,trong vÃ i giá»
Äiá»‡n thoáº¡i bÃ n,,,,0.0,"MÃ¡y dÃ² ná»“ng Ä‘á»™ carbon dioxide sáº¡c USB cho phÃ²ng khÃ¡ch/phÃ²ng táº¯m
",â‚«345.000 - â‚«346.000,,,,,,,,17 thÃ¡ng trÆ°á»›c,868,"2,4k",690,lzdjfmy2.vn,99%,trong vÃ i giá»
Äiá»‡n thoáº¡i bÃ n,,ÄÃ£ thÃ­ch (1),,0.0,"[HCM] Äiá»‡n thoáº¡i bÃ n chuÃ´ng to, khÃ´ng mÃ ng hÃ¬nh siÃªu bá»n -  Ktel 117 BH 1 nÄƒm",â‚«255.000,,,,,,,,4 nÄƒm trÆ°á»›c,266,436,409,muanhanhhang,75%,trong vÃ i giá»
Äiá»‡n thoáº¡i bÃ n,,,,0.0,Ä‘iá»‡n thoáº¡i nghá»‡ thuáº­t,â‚«265.000,,,,,,,,4 nÄƒm trÆ°á»›c,266,436,409,muanhanhhang,75%,trong vÃ i giá»
Äiá»‡n thoáº¡i bÃ n,,ÄÃ£ thÃ­ch (1),,0.0,Chuá»™t cÃ³ dÃ¢y Fuhlen L102 (Äen),â‚«150.000,,,,,,,,4 nÄƒm trÆ°á»›c,178,395,212,vudinhdoan123,51%,trong vÃ i giá»
Äiá»‡n thoáº¡i bÃ n,,,,,,,,,,,,,,,,,,,,
Äiá»‡n thoáº¡i bÃ n,,,,,,,,,,,,,,,,,,,,
Äiá»‡n thoáº¡i bÃ n,,,,0.0,MÃ¡y báº¯n cá»‘t laser,â‚«850.000,,,,,,,,34 thÃ¡ng trÆ°á»›c,171,553,489,hoangducba1991,61%,trong vÃ i giá»
Äiá»‡n thoáº¡i bÃ n,,,,0.0,Äiá»‡n thoáº¡i há»™i nghá»‹ khÃ´ng dÃ¢y IP Yealink CP960,â‚«13.845.000,,,,,,,,10 thÃ¡ng trÆ°á»›c,182,307,18,duhunggroups2021,64%,trong vÃ i giá»
Äiá»‡n thoáº¡i bÃ n,,,,0.0,Loa NgoÃ i Loa ChuÃ´ng Huawei Nova 2i hÃ ng cÃ´ng ty,â‚«90.000,,,,,,,,25 thÃ¡ng trÆ°á»›c,20,145,27,vudinhdoanpc,36%,trong vÃ i giá»
Äiá»‡n thoáº¡i bÃ n,,ÄÃ£ thÃ­ch (1),,0.0,mÃ¡y báº¯n tia laser trá»ng tÃ¢m Nháº­t bÃ£i,â‚«650.000,,,,,,,,6 nÄƒm trÆ°á»›c,495,"1,7k",547,haingo150790,94%,trong vÃ i giá»
Äiá»‡n thoáº¡i bÃ n,,,,0.0,LÆ°á»›i sáº¯t 12cm báº£o vá»‡ quáº¡t táº£n nhiá»‡t cho mÃ¡y tÃ­nh,â‚«9.429,,,,,,,,6 thÃ¡ng trÆ°á»›c,279,"4,5k",577,staybb.vn,68%,trong vÃ i giá»
Äiá»‡n thoáº¡i bÃ n,,,,0.0,Thiáº¿t bá»‹ phÃ¢n tÃ­ch nguá»“n Ä‘iá»‡n 100A/150A RC 150A,â‚«145.000 - â‚«150.000,,,,,,,,32 thÃ¡ng trÆ°á»›c,"1,3k",4k,620,colaxi.vn,100%,trong vÃ i giá»
